88156.11,863.423,00000000
88156.12,907.056,00000000
88156.13,872.989,00000000
88156.14,877.804,00000000
88156.15,841.996,00000000
88156.16,905.128,00000000
88156.17,832.295,00000000
88156.18,869.35,00000000
88156.19,930.718,00000000
88156.2,879.133,00000000
88156.21,850.197,00000000
88156.22,886.642,00000000
88156.23,897.299,00000000
88156.24,890.721,00000000
88156.25,860.79,00000000
88156.26,902.454,00000000
88156.27,861.806,00000000
88156.28,881.42,00000000
88156.29,923.343,00000000
88156.3,877.206,00000000
88156.31,880.734,00000000
88156.32,814.26,00000000
88156.33,877.802,00000000
88156.34,902.313,00000000
88156.35,892.863,00000000
88156.36,830.225,00000000
88156.37,885.099,00000000
88156.38,852.061,00000000
88156.39,880.807,00000000
88156.4,934.396,00000000
88156.41,854.271,00000000
88156.42,881.669,00000000
88156.43,833.822,00000000
88156.44,892.709,00000000
88156.45,897.659,00000000
88156.46,889.736,00000000
88156.47,908.982,00000000
88156.48,845.776,00000000
88156.49,852.093,00000000
88156.5,837.807,00000000
88156.51,915.373,00000000
88156.52,936.934,00000000
88156.53,853.814,00000000
88156.54,903.51,00000000
88156.55,868.568,00000000
88156.56,840.263,00000000
88156.57,910.154,00000000
88156.58,874.875,00000000
88156.59,883.303,00000000
88156.6,877.305,00000000
88156.61,861.416,00000000
88156.62,923.859,00000000
88156.63,908.662,00000000
88156.64,884.81,00000000
88156.65,878.162,00000000
88156.66,891.264,00000000
88156.67,913.867,00000000
88156.68,891.039,00000000
88156.69,911.249,00000000
88156.7,924.205,00000000
88156.71,924.201,00000000
88156.72,869.545,00000000
88156.73,901.262,00000000
88156.74,860.993,00000000
88156.75,872.087,00000000
88156.76,933.097,00000000
88156.77,899.284,00000000
88156.78,873.657,00000000
88156.79,846.59,00000000
88156.8,860.201,00000000
88156.81,894.436,00000000
88156.82,867.979,00000000
88156.83,868.464,00000000
88156.84,896.406,00000000
88156.85,871.142,00000000
88156.86,898.302,00000000
88156.87,885.706,00000000
88156.88,895.683,00000000
88156.89,869.719,00000000
88156.9,842.761,00000000
88156.91,852.496,00000000
88156.92,851.559,00000000
88156.93,891.256,00000000
88156.94,876.035,00000000
88156.95,902.197,00000000
88156.96,874.596,00000000
88156.97,912.743,00000000
88156.98,910.775,00000000
88156.99,863.894,00000000
88157.0,922.033,00000000
88157.01,901.539,00000000
88157.02,867.216,00000000
88157.03,841.674,00000000
88157.04,883.211,00000000
88157.05,883.674,00000000
88157.06,873.445,00000000
88157.07,873.466,00000000
88157.08,864.385,00000000
88157.09,863.811,00000000
88157.1,907.302,00000000
88157.11,861.363,00000000
88157.12,856.611,00000000
88157.13,874.022,00000000
88157.14,881.493,00000000
88157.15,897.543,00000000
88157.16,854.47,00000000
88157.17,889.452,00000000
88157.18,875.703,00000000
88157.19,881.986,00000000
88157.2,841.726,00000000
88157.21,906.132,00000000
88157.22,899.081,00000000
88157.23,895.07,00000000
88157.24,893.926,00000000
88157.25,872.947,00000000
88157.26,955.613,00000000
88157.27,919.668,00000000
88157.28,894.945,00000000
88157.29,931.01,00000000
88157.3,861.145,00000000
88157.31,855.905,00000000
88157.32,876.88,00000000
88157.33,870.007,00000000
88157.34,905.161,00000000
88157.35,875.102,00000000
88157.36,868.003,00000000
88157.37,902.213,00000000
88157.38,895.867,00000000
88157.39,910.812,00000000
88157.4,876.761,00000000
88157.41,842.371,00000000
88157.42,849.958,00000000
88157.43,865.221,00000000
88157.44,889.243,00000000
88157.45,865.485,00000000
88157.46,857.074,00000000
88157.47,896.495,00000000
88157.48,926.105,00000000
88157.49,873.026,00000000
88157.5,918.328,00000000
88157.51,883.621,00000000
88157.52,876.238,00000000
88157.53,863.159,00000000
88157.54,881.789,00000000
88157.55,872.705,00000000
88157.56,862.836,00000000
88157.57,860.334,00000000
88157.58,879.682,00000000
88157.59,875.277,00000000
88157.6,829.066,00000000
88157.61,826.566,00000000
88157.62,899.308,00000000
88157.63,914.873,00000000
88157.64,857.159,00000000
88157.65,879.981,00000000
88157.66,828.504,00000000
88157.67,919.851,00000000
88157.68,859.881,00000000
88157.69,847.531,00000000
88157.7,880.193,00000000
88157.71,856.488,00000000
88157.72,844.226,00000000
88157.73,882.018,00000000
88157.74,894.303,00000000
88157.75,852.509,00000000
88157.76,861.912,00000000
88157.77,898.518,00000000
88157.78,869.76,00000000
88157.79,907.539,00000000
88157.8,885.291,00000000
88157.81,889.759,00000000
88157.82,884.706,00000000
88157.83,844.88,00000000
88157.84,871.274,00000000
88157.85,904.279,00000000
88157.86,867.999,00000000
88157.87,892.313,00000000
88157.88,882.712,00000000
88157.89,896.548,00000000
88157.9,868.133,00000000
88157.91,855.521,00000000
88157.92,888.187,00000000
88157.93,853.957,00000000
88157.94,926.485,00000000
88157.95,825.108,00000000
88157.96,894.731,00000000
88157.97,859.09,00000000
88157.98,833.698,00000000
88157.99,856.719,00000000
88158.0,889.889,00000000
88158.01,858.128,00000000
88158.02,862.281,00000000
88158.03,877.58,00000000
88158.04,877.345,00000000
88158.05,869.979,00000000
88158.06,911.201,00000000
88158.07,905.479,00000000
88158.08,904.67,00000000
88158.09,856.645,00000000
88158.1,873.914,00000000
88158.11,879.142,00000000
88158.12,908.886,00000000
88158.13,854.715,00000000
88158.14,884.076,00000000
88158.15,853.969,00000000
88158.16,868.581,00000000
88158.17,926.521,00000000
88158.18,885.57,00000000
88158.19,899.577,00000000
88158.2,932.021,00000000
88158.21,898.375,00000000
88158.22,882.888,00000000
88158.23,890.99,00000000
88158.24,906.927,00000000
88158.25,901.613,00000000
88158.26,870.05,00000000
88158.27,918.436,00000000
88158.28,902.121,00000000
88158.29,897.518,00000000
88158.3,785.09,00000000
88158.31,883.185,00000000
88158.32,878.789,00000000
88158.33,890.81,00000000
88158.34,898.604,00000000
88158.35,889.473,00000000
88158.36,838.4,00000000
88158.37,893.233,00000000
88158.38,894.693,00000000
88158.39,904.983,00000000
88158.4,849.334,00000000
88158.41,878.398,00000000
88158.42,899.079,00000000
88158.43,871.295,00000000
88158.44,835.953,00000000
88158.45,893.969,00000000
88158.46,863.597,00000000
88158.47,878.996,00000000
88158.48,857.359,00000000
88158.49,881.824,00000000
88158.5,889.485,00000000
88158.51,851.697,00000000
88158.52,871.251,00000000
88158.53,895.913,00000000
88158.54,880.55,00000000
88158.55,857.382,00000000
88158.56,851.442,00000000
88158.57,833.647,00000000
88158.58,877.551,00000000
88158.59,861.188,00000000
88158.6,880.04,00000000
88158.61,935.259,00000000
88158.62,893.088,00000000
88158.63,836.704,00000000
88158.64,878.013,00000000
88158.65,902.444,00000000
88158.66,876.365,00000000
88158.67,895.052,00000000
88158.68,892.216,00000000
88158.69,867.385,00000000
88158.7,904.971,00000000
88158.71,878.233,00000000
88158.72,845.632,00000000
88158.73,867.616,00000000
88158.74,885.466,00000000
88158.75,894.356,00000000
88158.76,898.966,00000000
88158.77,843.631,00000000
88158.78,867.18,00000000
88158.79,866.059,00000000
88158.8,869.725,00000000
88158.81,855.778,00000000
88158.82,853.408,00000000
88158.83,861.287,00000000
88158.84,881.686,00000000
88158.85,893.149,00000000
88158.86,910.956,00000000
88158.87,831.52,00000000
88158.88,899.342,00000000
88158.89,866.222,00000000
88158.9,892.734,00000000
88158.91,878.499,00000000
88158.92,851.382,00000000
88158.93,869.923,00000000
88158.94,886.548,00000000
88158.95,889.838,00000000
88158.96,843.064,00000000
88158.97,917.196,00000000
88158.98,892.215,00000000
88158.99,871.318,00000000
88159.0,864.28,00000000
88159.01,894.119,00000000
88159.02,850.262,00000000
88159.03,891.45,00000000
88159.04,868.53,00000000
88159.05,836.028,00000000
88159.06,831.641,00000000
88159.07,859.232,00000000
88159.08,864.44,00000000
88159.09,866.083,00000000
88159.1,909.776,00000000
88159.11,4765.579,00000000
88159.12,4901.971,00000000
88159.13,5087.135,00000000
88159.14,4920.795,00000000
88159.15,5055.207,00000000
88159.16,5113.937,00000000
88159.17,4833.515,00000000
88159.18,4932.232,00000000
88159.19,4886.77,00000000
88159.2,4718.028,00000000
88159.21,5120.342,00000000
88159.22,4808.543,00000000
88159.23,5021.009,00000000
88159.24,5079.316,00000000
88159.25,5281.482,00000000
88159.26,4823.43,00000000
88159.27,5141.732,00000000
88159.28,4824.927,00000000
88159.29,5231.504,00000000
88159.3,4844.439,00000000
88159.31,4900.003,00000000
88159.32,5061.655,00000000
88159.33,4941.685,00000000
88159.34,5028.399,00000000
88159.35,5036.173,00000000
88159.36,4760.845,00000000
88159.37,4914.566,00000000
88159.38,4881.131,00000000
88159.39,4857.207,00000000
88159.4,4742.895,00000000
88159.41,5221.875,00000000
88159.42,5075.891,00000000
88159.43,4974.472,00000000
88159.44,5135.54,00000000
88159.45,5067.046,00000000
88159.46,4906.324,00000000
88159.47,4847.137,00000000
88159.48,5061.781,00000000
88159.49,4828.837,00000000
88159.5,5051.641,00000000
88159.51,4848.072,00000000
88159.52,4870.807,00000000
88159.53,4993.864,00000000
88159.54,4914.098,00000000
88159.55,4856.516,00000000
88159.56,4814.444,00000000
88159.57,4939.632,00000000
88159.58,4761.012,00000000
88159.59,5078.84,00000000
88159.6,4816.726,00000000
88159.61,5079.89,00000000
88159.62,4844.199,00000000
88159.63,5114.951,00000000
88159.64,5046.767,00000000
88159.65,5152.488,00000000
88159.66,4921.392,00000000
88159.67,4674.7,00000000
88159.68,4910.592,00000000
88159.69,5178.181,00000000
88159.7,4791.823,00000000
88159.71,4801.419,00000000
88159.72,4772.905,00000000
88159.73,5077.609,00000000
88159.74,4853.47,00000000
88159.75,5013.26,00000000
88159.76,5025.75,00000000
88159.77,4770.611,00000000
88159.78,4810.151,00000000
88159.79,5073.647,00000000
88159.8,5108.688,00000000
88159.81,5139.486,00000000
88159.82,5011.852,00000000
88159.83,4731.179,00000000
88159.84,4848.467,00000000
88159.85,5154.626,00000000
88159.86,4964.101,00000000
88159.87,4889.211,00000000
88159.88,4805.686,00000000
88159.89,5020.747,00000000
88159.9,5034.941,00000000
88159.91,5166.663,00000000
88159.92,5091.518,00000000
88159.93,4885.253,00000000
88159.94,4717.833,00000000
88159.95,4919.678,00000000
88159.96,4834.452,00000000
88159.97,4945.544,00000000
88159.98,4923.301,00000000
88159.99,5202.06,00000000
88160.0,4985.7,00000000
88160.01,4568.227,00000000
88160.02,4930.303,00000000
88160.03,4901.056,00000000
88160.04,5002.734,00000000
88160.05,5103.744,00000000
88160.06,5187.498,00000000
88160.07,4987.651,00000000
88160.08,5139.22,00000000
88160.09,4678.255,00000000
88160.1,5223.364,00000000
88160.11,4941.907,00000000
88160.12,5003.973,00000000
88160.13,5160.758,00000000
88160.14,4735.401,00000000
88160.15,4945.716,00000000
88160.16,5007.897,00000000
88160.17,4929.011,00000000
88160.18,4848.402,00000000
88160.19,5120.888,00000000
88160.2,5181.447,00000000
88160.21,5117.206,00000000
88160.22,5099.65,00000000
88160.23,4724.647,00000000
88160.24,4785.706,00000000
88160.25,5333.478,00000000
88160.26,5013.948,00000000
88160.27,5057.864,00000000
88160.28,5002.94,00000000
88160.29,4963.657,00000000
88160.3,4903.734,00000000
88160.31,4947.434,00000000
88160.32,5182.547,00000000
88160.33,4735.812,00000000
88160.34,5166.707,00000000
88160.35,4990.468,00000000
88160.36,4949.793,00000000
88160.37,5038.207,00000000
88160.38,4927.118,00000000
88160.39,4906.481,00000000
88160.4,4794.221,00000000
88160.41,4842.749,00000000
88160.42,4893.221,00000000
88160.43,5088.431,00000000
88160.44,5025.347,00000000
88160.45,4744.645,00000000
88160.46,4897.821,00000000
88160.47,5144.757,00000000
88160.48,4659.029,00000000
88160.49,4669.83,00000000
88160.5,5149.77,00000000
88160.51,4985.643,00000000
88160.52,4976.214,00000000
88160.53,5234.321,00000000
88160.54,5035.061,00000000
88160.55,4949.536,00000000
88160.56,5085.935,00000000
88160.57,5157.205,00000000
88160.58,4952.652,00000000
88160.59,4602.31,00000000
88160.6,5106.223,00000000
88160.61,4904.188,00000000
88160.62,5051.485,00000000
88160.63,4974.949,00000000
88160.64,5043.698,00000000
88160.65,5000.688,00000000
88160.66,5180.648,00000000
88160.67,4741.04,00000000
88160.68,4759.298,00000000
88160.69,5106.865,00000000
88160.7,4782.882,00000000
88160.71,4949.463,00000000
88160.72,4799.783,00000000
88160.73,5246.81,00000000
88160.74,5004.397,00000000
88160.75,4895.099,00000000
88160.76,5121.265,00000000
88160.77,5195.111,00000000
88160.78,5107.48,00000000
88160.79,4989.627,00000000
88160.8,4906.973,00000000
88160.81,4854.642,00000000
88160.82,4805.305,00000000
88160.83,5131.063,00000000
88160.84,5070.661,00000000
88160.85,4900.095,00000000
88160.86,4946.139,00000000
88160.87,5011.254,00000000
88160.88,5170.351,00000000
88160.89,5005.817,00000000
88160.9,4987.717,00000000
88160.91,4923.884,00000000
88160.92,4841.594,00000000
88160.93,4887.827,00000000
88160.94,5161.353,00000000
88160.95,5242.986,00000000
88160.96,5132.053,00000000
88160.97,4876.532,00000000
88160.98,5021.362,00000000
88160.99,5051.397,00000000
88161.0,4979.545,00000000
88161.01,5015.209,00000000
88161.02,4805.895,00000000
88161.03,5238.068,00000000
88161.04,4746.291,00000000
88161.05,5250.165,00000000
88161.06,4944.505,00000000
88161.07,5210.516,00000000
88161.08,5200.594,00000000
88161.09,4886.919,00000000
88161.1,4757.544,00000000
88161.11,5014.864,00000000
88161.12,4992.713,00000000
88161.13,4997.423,00000000
88161.14,4825.326,00000000
88161.15,4818.408,00000000
88161.16,4994.347,00000000
88161.17,5028.729,00000000
88161.18,5038.116,00000000
88161.19,4896.857,00000000
88161.2,5111.663,00000000
88161.21,5188.065,00000000
88161.22,5017.922,00000000
88161.23,4875.669,00000000
88161.24,4663.823,00000000
88161.25,4785.96,00000000
88161.26,5042.287,00000000
88161.27,4941.029,00000000
88161.28,4878.128,00000000
88161.29,4893.962,00000000
88161.3,4946.107,00000000
88161.31,5234.344,00000000
88161.32,5240.331,00000000
88161.33,4974.471,00000000
88161.34,5078.82,00000000
88161.35,4746.033,00000000
88161.36,4990.269,00000000
88161.37,5059.713,00000000
88161.38,4841.241,00000000
88161.39,4893.089,00000000
88161.4,4920.876,00000000
88161.41,4978.635,00000000
88161.42,4930.643,00000000
88161.43,5003.118,00000000
88161.44,5135.507,00000000
88161.45,5130.05,00000000
88161.46,5020.318,00000000
88161.47,5167.696,00000000
88161.48,4847.274,00000000
88161.49,4937.607,00000000
88161.5,4894.905,00000000
88161.51,4858.799,00000000
88161.52,5086.676,00000000
88161.53,5011.231,00000000
88161.54,5116.285,00000000
88161.55,4998.263,00000000
88161.56,5112.484,00000000
88161.57,5072.187,00000000
88161.58,4955.332,00000000
88161.59,5085.597,00000000
88161.6,4805.216,00000000
88161.61,4835.906,00000000
88161.62,5136.238,00000000
88161.63,4837.343,00000000
88161.64,4545.375,00000000
88161.65,5177.701,00000000
88161.66,4833.386,00000000
88161.67,5054.85,00000000
88161.68,5237.714,00000000
88161.69,4881.61,00000000
88161.7,4659.087,00000000
88161.71,5239.018,00000000
88161.72,5120.209,00000000
88161.73,4981.278,00000000
88161.74,4763.209,00000000
88161.75,4969.204,00000000
88161.76,4982.058,00000000
88161.77,5016.461,00000000
88161.78,5026.243,00000000
88161.79,4903.947,00000000
88161.8,5135.211,00000000
88161.81,5086.249,00000000
88161.82,5153.181,00000000
88161.83,4977.977,00000000
88161.84,5082.018,00000000
88161.85,5040.224,00000000
88161.86,4975.615,00000000
88161.87,4967.351,00000000
88161.88,4967.328,00000000
88161.89,5011.234,00000000
88161.9,4828.071,00000000
88161.91,5056.854,00000000
88161.92,4957.596,00000000
88161.93,4942.725,00000000
88161.94,5036.174,00000000
88161.95,5171.232,00000000
88161.96,4950.185,00000000
88161.97,4927.161,00000000
88161.98,5140.185,00000000
88161.99,5222.716,00000000
88162.0,4957.99,00000000
88162.01,5197.697,00000000
88162.02,5169.38,00000000
88162.03,5052.116,00000000
88162.04,5067.861,00000000
88162.05,5013.077,00000000
88162.06,4977.078,00000000
88162.07,4916.13,00000000
88162.08,5095.389,00000000
88162.09,5023.29,00000000
88162.1,5208.534,00000000
88162.11,4790.735,00000000
88162.12,5094.681,00000000
88162.13,5145.256,00000000
88162.14,4892.623,00000000
88162.15,5291.592,00000000
88162.16,4926.598,00000000
88162.17,5097.824,00000000
88162.18,4652.056,00000000
88162.19,4910.938,00000000
88162.2,4735.076,00000000
88162.21,4743.965,00000000
88162.22,5081.152,00000000
88162.23,4912.81,00000000
88162.24,5038.424,00000000
88162.25,4852.576,00000000
88162.26,5136.358,00000000
88162.27,5022.851,00000000
88162.28,5085.849,00000000
88162.29,5023.697,00000000
88162.3,4951.649,00000000
88162.31,5038.367,00000000
88162.32,5068.936,00000000
88162.33,5053.265,00000000
88162.34,4728.432,00000000
88162.35,4971.157,00000000
88162.36,5111.694,00000000
88162.37,5214.07,00000000
88162.38,5153.706,00000000
88162.39,5145.246,00000000
88162.4,4978.535,00000000
88162.41,5057.695,00000000
88162.42,5154.535,00000000
88162.43,5082.123,00000000
88162.44,4996.859,00000000
88162.45,5136.432,00000000
88162.46,4908.964,00000000
88162.47,4978.598,00000000
88162.48,4907.907,00000000
88162.49,5242.028,00000000
88162.5,5107.224,00000000
88162.51,5271.407,00000000
88162.52,5016.735,00000000
88162.53,4942.502,00000000
88162.54,4919.91,00000000
88162.55,5117.152,00000000
88162.56,5128.148,00000000
88162.57,5357.149,00000000
88162.58,5107.06,00000000
88162.59,5049.445,00000000
88162.6,4818.582,00000000
88162.61,5087.781,00000000
88162.62,4999.625,00000000
88162.63,5264.188,00000000
88162.64,5151.958,00000000
88162.65,4998.458,00000000
88162.66,5151.645,00000000
88162.67,4749.883,00000000
88162.68,4832.127,00000000
88162.69,4820.691,00000000
88162.7,5027.448,00000000
88162.71,4780.985,00000000
88162.72,5026.977,00000000
88162.73,5131.58,00000000
88162.74,4925.174,00000000
88162.75,4788.701,00000000
88162.76,4809.72,00000000
88162.77,5036.433,00000000
88162.78,4813.042,00000000
88162.79,5007.368,00000000
88162.8,5029.984,00000000
88162.81,4829.207,00000000
88162.82,5098.533,00000000
88162.83,5106.815,00000000
88162.84,5138.475,00000000
88162.85,5180.484,00000000
88162.86,5247.551,00000000
88162.87,5095.232,00000000
88162.88,4839.52,00000000
88162.89,5119.836,00000000
88162.9,5046.768,00000000
88162.91,5163.025,00000000
88162.92,4988.198,00000000
88162.93,4937.078,00000000
88162.94,4872.573,00000000
88162.95,5156.341,00000000
88162.96,4885.29,00000000
88162.97,5006.595,00000000
88162.98,4557.244,00000000
88162.99,5142.714,00000000
88163.0,5303.529,00000000
88163.01,4664.651,00000000
88163.02,5026.403,00000000
88163.03,5040.275,00000000
88163.04,4948.005,00000000
88163.05,5048.921,00000000
88163.06,4843.512,00000000
88163.07,5100.705,00000000
88163.08,4872.952,00000000
88163.09,5171.002,00000000
88163.1,4894.803,00000000
88163.11,4938.439,00000000
88163.12,5081.479,00000000
88163.13,4985.253,00000000
88163.14,4967.768,00000000
88163.15,4846.452,00000000
88163.16,4917.85,00000000
88163.17,4959.772,00000000
88163.18,4902.745,00000000
88163.19,4857.194,00000000
88163.2,5021.145,00000000
88163.21,4890.057,00000000
88163.22,5061.282,00000000
88163.23,5020.458,00000000
88163.24,5120.242,00000000
88163.25,4839.98,00000000
88163.26,5113.018,00000000
88163.27,4976.532,00000000
88163.28,4976.215,00000000
88163.29,5100.303,00000000
88163.3,4916.008,00000000
88163.31,5103.494,00000000
88163.32,5160.515,00000000
88163.33,5022.694,00000000
88163.34,4986.791,00000000
88163.35,5004.209,00000000
88163.36,5071.291,00000000
88163.37,5174.136,00000000
88163.38,4819.273,00000000
88163.39,5201.054,00000000
88163.4,4934.665,00000000
88163.41,5072.884,00000000
88163.42,4996.134,00000000
88163.43,4953.083,00000000
88163.44,4902.094,00000000
88163.45,5192.29,00000000
88163.46,5061.208,00000000
88163.47,4853.098,00000000
88163.48,4940.849,00000000
88163.49,5119.584,00000000
88163.5,5132.96,00000000
88163.51,4701.101,00000000
88163.52,5022.612,00000000
88163.53,5064.472,00000000
88163.54,4963.088,00000000
88163.55,5280.615,00000000
88163.56,5085.7,00000000
88163.57,5153.868,00000000
88163.58,4899.119,00000000
88163.59,4695.39,00000000
88163.6,4849.633,00000000
88163.61,5073.4,00000000
88163.62,5093.002,00000000
88163.63,5189.668,00000000
88163.64,4928.06,00000000
88163.65,5149.029,00000000
88163.66,5031.218,00000000
88163.67,5018.797,00000000
88163.68,5350.191,00000000
88163.69,5208.705,00000000
88163.7,5052.658,00000000
88163.71,4967.097,00000000
88163.72,4813.983,00000000
88163.73,5049.987,00000000
88163.74,5010.439,00000000
88163.75,5002.644,00000000
88163.76,4876.157,00000000
88163.77,5025.82,00000000
88163.78,5047.685,00000000
88163.79,4934.638,00000000
88163.8,5043.645,00000000
88163.81,5028.332,00000000
88163.82,5208.573,00000000
88163.83,4826.229,00000000
88163.84,5039.853,00000000
88163.85,4867.888,00000000
88163.86,4773.063,00000000
88163.87,5080.835,00000000
88163.88,4866.937,00000000
88163.89,5223.425,00000000
88163.9,5122.798,00000000
88163.91,4835.871,00000000
88163.92,5104.411,00000000
88163.93,4945.704,00000000
88163.94,4953.955,00000000
88163.95,4891.9,00000000
88163.96,5194.622,00000000
88163.97,4776.833,00000000
88163.98,5139.684,00000000
88163.99,5104.903,00000000
88164.0,5119.546,00000000
88164.01,4982.241,00000000
88164.02,5143.277,00000000
88164.03,4811.908,00000000
88164.04,4844.616,00000000
88164.05,4968.759,00000000
88164.06,4961.638,00000000
88164.07,4776.376,00000000
88164.08,5039.97,00000000
88164.09,4747.483,00000000
88164.1,5159.958,00000000
88164.11,5073.522,00000000
88164.12,5136.941,00000000
88164.13,5303.559,00000000
88164.14,4940.78,00000000
88164.15,5131.057,00000000
88164.16,4870.588,00000000
88164.17,5075.636,00000000
88164.18,5042.838,00000000
88164.19,4965.365,00000000
88164.2,5121.537,00000000
88164.21,4934.298,00000000
88164.22,5089.806,00000000
88164.23,5048.169,00000000
88164.24,4920.165,00000000
88164.25,5082.268,00000000
88164.26,5339.462,00000000
88164.27,5008.566,00000000
88164.28,4855.072,00000000
88164.29,4898.302,00000000
88164.3,4851.206,00000000
88164.31,4884.916,00000000
88164.32,5126.116,00000000
88164.33,5281.537,00000000
88164.34,5230.587,00000000
88164.35,4991.996,00000000
88164.36,5010.331,00000000
88164.37,4857.983,00000000
88164.38,5039.46,00000000
88164.39,5152.443,00000000
88164.4,4847.803,00000000
88164.41,5096.277,00000000
88164.42,4888.355,00000000
88164.43,4826.374,00000000
88164.44,5078.51,00000000
88164.45,5030.523,00000000
88164.46,5059.554,00000000
88164.47,5060.019,00000000
88164.48,5433.284,00000000
88164.49,5115.306,00000000
88164.5,4798.007,00000000
88164.51,4864.176,00000000
88164.52,5168.302,00000000
88164.53,5295.87,00000000
88164.54,4934.065,00000000
88164.55,4870.413,00000000
88164.56,4931.823,00000000
88164.57,4819.844,00000000
88164.58,4878.275,00000000
88164.59,4951.103,00000000
88164.6,4980.684,00000000
88164.61,4910.894,00000000
88164.62,5198.159,00000000
88164.63,4921.042,00000000
88164.64,4611.511,00000000
88164.65,5279.587,00000000
88164.66,5323.856,00000000
88164.67,4812.688,00000000
88164.68,4683.306,00000000
88164.69,4688.126,00000000
88164.7,4969.992,00000000
88164.71,5386.972,00000000
88164.72,5136.887,00000000
88164.73,5045.224,00000000
88164.74,4887.928,00000000
88164.75,5043.26,00000000
88164.76,4944.975,00000000
88164.77,4766.383,00000000
88164.78,5268.141,00000000
88164.79,5125.158,00000000
88164.8,5013.609,00000000
88164.81,4758.938,00000000
88164.82,5046.843,00000000
88164.83,4725.382,00000000
88164.84,5040.566,00000000
88164.85,5100.925,00000000
88164.86,5176.492,00000000
88164.87,5306.059,00000000
88164.88,5002.524,00000000
88164.89,5135.702,00000000
88164.9,5025.201,00000000
88164.91,5119.194,00000000
88164.92,5150.59,00000000
88164.93,5220.11,00000000
88164.94,4743.101,00000000
88164.95,5142.49,00000000
88164.96,5050.672,00000000
88164.97,4799.599,00000000
88164.98,4985.154,00000000
88164.99,4773.408,00000000
88165.0,5142.022,00000000
88165.01,4932.58,00000000
88165.02,4594.729,00000000
88165.03,4955.931,00000000
88165.04,4950.593,00000000
88165.05,5149.134,00000000
88165.06,4834.528,00000000
88165.07,5093.516,00000000
88165.08,4895.388,00000000
88165.09,4850.127,00000000
88165.1,4854.398,00000000
88165.11,5019.402,00000000
88165.12,4932.413,00000000
88165.13,5086.986,00000000
88165.14,4965.227,00000000
88165.15,4780.514,00000000
88165.16,4950.747,00000000
88165.17,5037.808,00000000
88165.18,5011.879,00000000
88165.19,5139.174,00000000
88165.2,5112.707,00000000
88165.21,4933.791,00000000
88165.22,5281.794,00000000
88165.23,5202.903,00000000
88165.24,5116.676,00000000
88165.25,5113.72,00000000
88165.26,4965.929,00000000
88165.27,4902.387,00000000
88165.28,4808.336,00000000
88165.29,4760.159,00000000
88165.3,4870.739,00000000
88165.31,4942.118,00000000
88165.32,4959.896,00000000
88165.33,4907.727,00000000
88165.34,5026.974,00000000
88165.35,4888.855,00000000
88165.36,4780.863,00000000
88165.37,5112.064,00000000
88165.38,4932.105,00000000
88165.39,5059.851,00000000
88165.4,4892.647,00000000
88165.41,4838.899,00000000
88165.42,5182.475,00000000
88165.43,5065.962,00000000
88165.44,5232.01,00000000
88165.45,5184.012,00000000
88165.46,4879.098,00000000
88165.47,4983.493,00000000
88165.48,4948.205,00000000
88165.49,5182.174,00000000
88165.5,5062.34,00000000
88165.51,5134.916,00000000
88165.52,5081.967,00000000
88165.53,4807.385,00000000
88165.54,4880.15,00000000
88165.55,5075.675,00000000
88165.56,5034.678,00000000
88165.57,4960.772,00000000
88165.58,4553.731,00000000
88165.59,4968.586,00000000
88165.6,5162.696,00000000
88165.61,5108.566,00000000
88165.62,4975.844,00000000
88165.63,5070.367,00000000
88165.64,5073.347,00000000
88165.65,5000.229,00000000
88165.66,4753.996,00000000
88165.67,5058.697,00000000
88165.68,4818.476,00000000
88165.69,4958.038,00000000
88165.7,4918.163,00000000
88165.71,4964.161,00000000
88165.72,4911.327,00000000
88165.73,5003.867,00000000
88165.74,4971.455,00000000
88165.75,5199.959,00000000
88165.76,5080.967,00000000
88165.77,5131.821,00000000
88165.78,4961.782,00000000
88165.79,4979.47,00000000
88165.8,4900.769,00000000
88165.81,4870.652,00000000
88165.82,4987.997,00000000
88165.83,4990.069,00000000
88165.84,5386.797,00000000
88165.85,4866.983,00000000
88165.86,5074.972,00000000
88165.87,5018.462,00000000
88165.88,4914.535,00000000
88165.89,4875.719,00000000
88165.9,5168.061,00000000
88165.91,5086.641,00000000
88165.92,5180.22,00000000
88165.93,5193.059,00000000
88165.94,5234.52,00000000
88165.95,4707.137,00000000
88165.96,5042.81,00000000
88165.97,5188.85,00000000
88165.98,5038.047,00000000
88165.99,5050.739,00000000
88166.0,5294.939,00000000
88166.01,5061.021,00000000
88166.02,5176.789,00000000
88166.03,4667.53,00000000
88166.04,4913.462,00000000
88166.05,5100.081,00000000
88166.06,5043.173,00000000
88166.07,4658.224,00000000
88166.08,4811.481,00000000
88166.09,4907.291,00000000
88166.1,5032.411,00000000
88166.11,4900.855,00000000
88166.12,5253.635,00000000
88166.13,4964.841,00000000
88166.14,5127.787,00000000
88166.15,5041.575,00000000
88166.16,4864.36,00000000
88166.17,4991.905,00000000
88166.18,5023.754,00000000
88166.19,5003.748,00000000
88166.2,4911.625,00000000
88166.21,4847.89,00000000
88166.22,5050.22,00000000
88166.23,5068.526,00000000
88166.24,4691.564,00000000
88166.25,5030.584,00000000
88166.26,5046.068,00000000
88166.27,4882.54,00000000
88166.28,4925.625,00000000
88166.29,4826.929,00000000
88166.3,5064.735,00000000
88166.31,5010.028,00000000
88166.32,4855.988,00000000
88166.33,4984.64,00000000
88166.34,5002.73,00000000
88166.35,5093.638,00000000
88166.36,4705.048,00000000
88166.37,4804.366,00000000
88166.38,4943.148,00000000
88166.39,5010.412,00000000
88166.4,4727.859,00000000
88166.41,5034.348,00000000
88166.42,4919.99,00000000
88166.43,4925.049,00000000
88166.44,4853.014,00000000
88166.45,4610.583,00000000
88166.46,4885.898,00000000
88166.47,5077.846,00000000
88166.48,4903.01,00000000
88166.49,5015.92,00000000
88166.5,5201.027,00000000
88166.51,5348.414,00000000
88166.52,4858.703,00000000
88166.53,4873.625,00000000
88166.54,4982.206,00000000
88166.55,4738.492,00000000
88166.56,5379.552,00000000
88166.57,5170.455,00000000
88166.58,5133.752,00000000
88166.59,5256.518,00000000
88166.6,5162.403,00000000
88166.61,4969.451,00000000
88166.62,4831.935,00000000
88166.63,5200.237,00000000
88166.64,5029.99,00000000
88166.65,5045.911,00000000
88166.66,5042.366,00000000
88166.67,4937.465,00000000
88166.68,4922.273,00000000
88166.69,5018.617,00000000
88166.7,5017.251,00000000
88166.71,5029.238,00000000
88166.72,4861.69,00000000
88166.73,5100.867,00000000
88166.74,4922.441,00000000
88166.75,4869.545,00000000
88166.76,5025.122,00000000
88166.77,4993.333,00000000
88166.78,4842.344,00000000
88166.79,4959.694,00000000
88166.8,4874.873,00000000
88166.81,4938.377,00000000
88166.82,4996.31,00000000
88166.83,4810.934,00000000
88166.84,5181.355,00000000
88166.85,5155.778,00000000
88166.86,5139.247,00000000
88166.87,5046.941,00000000
88166.88,5165.34,00000000
88166.89,5195.381,00000000
88166.9,4971.715,00000000
88166.91,5160.252,00000000
88166.92,5200.177,00000000
88166.93,4947.83,00000000
88166.94,5017.099,00000000
88166.95,5039.262,00000000
88166.96,4912.635,00000000
88166.97,4896.549,00000000
88166.98,5148.831,00000000
88166.99,4935.67,00000000
88167.0,4750.49,00000000
88167.01,4888.419,00000000
88167.02,5143.325,00000000
88167.03,5050.29,00000000
88167.04,5008.888,00000000
88167.05,4895.692,00000000
88167.06,5240.404,00000000
88167.07,4960.936,00000000
88167.08,4894.233,00000000
88167.09,5101.65,00000000
88167.1,4910.047,00000000
88167.11,4728.392,00000000
88167.12,4842.874,00000000
88167.13,5277.262,00000000
88167.14,4996.472,00000000
88167.15,4945.084,00000000
88167.16,4690.532,00000000
88167.17,4930.885,00000000
88167.18,4902.409,00000000
88167.19,4951.252,00000000
88167.2,4902.643,00000000
88167.21,4946.354,00000000
88167.22,5118.394,00000000
88167.23,5177.169,00000000
88167.24,5005.987,00000000
88167.25,5017.846,00000000
88167.26,5248.36,00000000
88167.27,4864.278,00000000
88167.28,4805.943,00000000
88167.29,4983.648,00000000
88167.3,5261.285,00000000
88167.31,5116.785,00000000
88167.32,5040.102,00000000
88167.33,4952.886,00000000
88167.34,4837.558,00000000
88167.35,4931.7,00000000
88167.36,4804.994,00000000
88167.37,4891.013,00000000
88167.38,5198.098,00000000
88167.39,5072.984,00000000
88167.4,5187.471,00000000
88167.41,5038.258,00000000
88167.42,4659.193,00000000
88167.43,5115.897,00000000
88167.44,4967.042,00000000
88167.45,4711.496,00000000
88167.46,4958.359,00000000
88167.47,4998.325,00000000
88167.48,5103.702,00000000
88167.49,4987.384,00000000
88167.5,4612.912,00000000
88167.51,5350.87,00000000
88167.52,5080.484,00000000
88167.53,4841.715,00000000
88167.54,5069.51,00000000
88167.55,4780.204,00000000
88167.56,4944.885,00000000
88167.57,5026.916,00000000
88167.58,4863.808,00000000
88167.59,4920.946,00000000
88167.6,4906.424,00000000
88167.61,4806.23,00000000
88167.62,4939.533,00000000
88167.63,4970.84,00000000
88167.64,5014.047,00000000
88167.65,4999.146,00000000
88167.66,5036.048,00000000
88167.67,5134.586,00000000
88167.68,5144.737,00000000
88167.69,5079.88,00000000
88167.7,5143.373,00000000
88167.71,5178.324,00000000
88167.72,4760.306,00000000
88167.73,5115.408,00000000
88167.74,5075.16,00000000
88167.75,5074.411,00000000
88167.76,4915.374,00000000
88167.77,4978.641,00000000
88167.78,5067.237,00000000
88167.79,4673.593,00000000
88167.8,4977.3,00000000
88167.81,5289.965,00000000
88167.82,4878.5,00000000
88167.83,5106.056,00000000
88167.84,5201.987,00000000
88167.85,5053.57,00000000
88167.86,5180.597,00000000
88167.87,4840.698,00000000
88167.88,4742.546,00000000
88167.89,4991.799,00000000
88167.9,4920.455,00000000
88167.91,4815.924,00000000
88167.92,5141.198,00000000
88167.93,4803.189,00000000
88167.94,4856.245,00000000
88167.95,4702.462,00000000
88167.96,5115.334,00000000
88167.97,4957.424,00000000
88167.98,4837.154,00000000
88167.99,5024.464,00000000
88168.0,5130.649,00000000
88168.01,5100.609,00000000
88168.02,5074.95,00000000
88168.03,5016.258,00000000
88168.04,5054.208,00000000
88168.05,4825.536,00000000
88168.06,5118.471,00000000
88168.07,5195.071,00000000
88168.08,4998.777,00000000
88168.09,4848.796,00000000
88168.1,5040.65,00000000
88168.11,4767.541,00000000
88168.12,4891.661,00000000
88168.13,4886.798,00000000
88168.14,4956.327,00000000
88168.15,5117.251,00000000
88168.16,4960.276,00000000
88168.17,4765.897,00000000
88168.18,4887.034,00000000
88168.19,5126.027,00000000
88168.2,5087.748,00000000
88168.21,5151.042,00000000
88168.22,4927.75,00000000
88168.23,4890.96,00000000
88168.24,4841.55,00000000
88168.25,5268.114,00000000
88168.26,4997.086,00000000
88168.27,5023.744,00000000
88168.28,5174.639,00000000
88168.29,5067.483,00000000
88168.3,5160.101,00000000
88168.31,5044.153,00000000
88168.32,4901.021,00000000
88168.33,4983.915,00000000
88168.34,4858.013,00000000
88168.35,5226.644,00000000
88168.36,4961.142,00000000
88168.37,4836.489,00000000
88168.38,4888.078,00000000
88168.39,4921.741,00000000
88168.4,5054.263,00000000
88168.41,5049.364,00000000
88168.42,4847.338,00000000
88168.43,4997.264,00000000
88168.44,5141.614,00000000
88168.45,4828.305,00000000
88168.46,4984.673,00000000
88168.47,4958.14,00000000
88168.48,5079.527,00000000
88168.49,5056.809,00000000
88168.5,5041.332,00000000
88168.51,5146.187,00000000
88168.52,5012.961,00000000
88168.53,5127.521,00000000
88168.54,5074.166,00000000
88168.55,4935.775,00000000
88168.56,5024.282,00000000
88168.57,4913.822,00000000
88168.58,4905.516,00000000
88168.59,4888.472,00000000
88168.6,4935.564,00000000
88168.61,4833.488,00000000
88168.62,4864.351,00000000
88168.63,4777.229,00000000
88168.64,4893.854,00000000
88168.65,4884.924,00000000
88168.66,4974.079,00000000
88168.67,4989.959,00000000
88168.68,5064.027,00000000
88168.69,4877.007,00000000
88168.7,4828.274,00000000
88168.71,5006.565,00000000
88168.72,5122.981,00000000
88168.73,4947.947,00000000
88168.74,5106.142,00000000
88168.75,5088.425,00000000
88168.76,5137.509,00000000
88168.77,5124.161,00000000
88168.78,5238.45,00000000
88168.79,4800.558,00000000
88168.8,4963.128,00000000
88168.81,4792.49,00000000
88168.82,5101.172,00000000
88168.83,5029.796,00000000
88168.84,5056.076,00000000
88168.85,5016.692,00000000
88168.86,4919.186,00000000
88168.87,5029.506,00000000
88168.88,4983.257,00000000
88168.89,4924.138,00000000
88168.9,4756.757,00000000
88168.91,4911.833,00000000
88168.92,5036.242,00000000
88168.93,5183.42,00000000
88168.94,5046.869,00000000
88168.95,5157.19,00000000
88168.96,4790.934,00000000
88168.97,4896.656,00000000
88168.98,5239.08,00000000
88168.99,4996.368,00000000
88169.0,4933.66,00000000
88169.01,5136.27,00000000
88169.02,5179.272,00000000
88169.03,4896.914,00000000
88169.04,5009.602,00000000
88169.05,5147.31,00000000
88169.06,5001.73,00000000
88169.07,4860.697,00000000
88169.08,4988.581,00000000
88169.09,4860.558,00000000
88169.1,5061.212,00000000
88169.11,5158.033,00000000
88169.12,4868.449,00000000
88169.13,4956.947,00000000
88169.14,5107.719,00000000
88169.15,4908.02,00000000
88169.16,4798.804,00000000
88169.17,4902.148,00000000
88169.18,4588.455,00000000
88169.19,4836.654,00000000
88169.2,4889.059,00000000
88169.21,5170.731,00000000
88169.22,5112.864,00000000
88169.23,4940.472,00000000
88169.24,5003.998,00000000
88169.25,4938.872,00000000
88169.26,4965.218,00000000
88169.27,5065.262,00000000
88169.28,5002.596,00000000
88169.29,4834.68,00000000
88169.3,4933.013,00000000
88169.31,4928.474,00000000
88169.32,4757.619,00000000
88169.33,5072.319,00000000
88169.34,4959.195,00000000
88169.35,4838.112,00000000
88169.36,4622.456,00000000
88169.37,4830.531,00000000
88169.38,5035.675,00000000
88169.39,5192.532,00000000
88169.4,5213.463,00000000
88169.41,5075.633,00000000
88169.42,4846.036,00000000
88169.43,5052.542,00000000
88169.44,4801.004,00000000
88169.45,4893.174,00000000
88169.46,5112.79,00000000
88169.47,4960.7,00000000
88169.48,5169.081,00000000
88169.49,4945.162,00000000
88169.5,4959.13,00000000
88169.51,5058.448,00000000
88169.52,4962.111,00000000
88169.53,5111.359,00000000
88169.54,5194.825,00000000
88169.55,5124.634,00000000
88169.56,4714.574,00000000
88169.57,5177.785,00000000
88169.58,5016.73,00000000
88169.59,4990.623,00000000
88169.6,4753.134,00000000
88169.61,5016.663,00000000
88169.62,4748.66,00000000
88169.63,4990.222,00000000
88169.64,4995.932,00000000
88169.65,5004.403,00000000
88169.66,5213.461,00000000
88169.67,4992.134,00000000
88169.68,5076.3,00000000
88169.69,5116.373,00000000
88169.7,4892.76,00000000
88169.71,5032.072,00000000
88169.72,5109.898,00000000
88169.73,5190.981,00000000
88169.74,4752.856,00000000
88169.75,5267.067,00000000
88169.76,5154.702,00000000
88169.77,4866.471,00000000
88169.78,5078.757,00000000
88169.79,4969.809,00000000
88169.8,4958.737,00000000
88169.81,5219.461,00000000
88169.82,5089.279,00000000
88169.83,5171.983,00000000
88169.84,5076.12,00000000
88169.85,4971.848,00000000
88169.86,4920.786,00000000
88169.87,5006.295,00000000
88169.88,4873.679,00000000
88169.89,5227.967,00000000
88169.9,5013.57,00000000
88169.91,4860.008,00000000
88169.92,4873.568,00000000
88169.93,4992.491,00000000
88169.94,4790.65,00000000
88169.95,4845.56,00000000
88169.96,5009.533,00000000
88169.97,4894.263,00000000
88169.98,4575.252,00000000
88169.99,5221.263,00000000
88170.0,4811.013,00000000
88170.01,4999.586,00000000
88170.02,5073.04,00000000
88170.03,4913.24,00000000
88170.04,4842.981,00000000
88170.05,4688.934,00000000
88170.06,5051.372,00000000
88170.07,4631.311,00000000
88170.08,4985.33,00000000
88170.09,4960.656,00000000
88170.1,5128.617,00000000
88170.11,5076.063,00000000
88170.12,4631.788,00000000
88170.13,4799.915,00000000
88170.14,4888.308,00000000
88170.15,5351.898,00000000
88170.16,4921.503,00000000
88170.17,5126.502,00000000
88170.18,5231.161,00000000
88170.19,5044.176,00000000
88170.2,5016.857,00000000
88170.21,5062.044,00000000
88170.22,5010.635,00000000
88170.23,4715.293,00000000
88170.24,5019.575,00000000
88170.25,4819.939,00000000
88170.26,4915.069,00000000
88170.27,5120.113,00000000
88170.28,4849.243,00000000
88170.29,4693.064,00000000
88170.3,4845.533,00000000
88170.31,4918.393,00000000
88170.32,4988.061,00000000
88170.33,4968.22,00000000
88170.34,5074.327,00000000
88170.35,4832.149,00000000
88170.36,5155.643,00000000
88170.37,4886.09,00000000
88170.38,4805.969,00000000
88170.39,5126.075,00000000
88170.4,5290.609,00000000
88170.41,4936.595,00000000
88170.42,5230.926,00000000
88170.43,5104.715,00000000
88170.44,4970.208,00000000
88170.45,5019.814,00000000
88170.46,4873.033,00000000
88170.47,4723.073,00000000
88170.48,5128.101,00000000
88170.49,5077.746,00000000
88170.5,4972.263,00000000
88170.51,4959.261,00000000
88170.52,4948.984,00000000
88170.53,4913.605,00000000
88170.54,4833.841,00000000
88170.55,4901.038,00000000
88170.56,4850.065,00000000
88170.57,4841.455,00000000
88170.58,4790.72,00000000
88170.59,4908.79,00000000
88170.6,5308.728,00000000
88170.61,5004.512,00000000
88170.62,4881.206,00000000
88170.63,5045.258,00000000
88170.64,4942.919,00000000
88170.65,4901.986,00000000
88170.66,4937.093,00000000
88170.67,4811.595,00000000
88170.68,4899.99,00000000
88170.69,5006.073,00000000
88170.7,4905.611,00000000
88170.71,5110.949,00000000
88170.72,4991.266,00000000
88170.73,5058.569,00000000
88170.74,5047.022,00000000
88170.75,4861.608,00000000
88170.76,5034.514,00000000
88170.77,4877.892,00000000
88170.78,4918.006,00000000
88170.79,5226.0,00000000
88170.8,5046.502,00000000
88170.81,5057.252,00000000
88170.82,5190.655,00000000
88170.83,5072.31,00000000
88170.84,5072.894,00000000
88170.85,5165.47,00000000
88170.86,4641.935,00000000
88170.87,5048.241,00000000
88170.88,5100.762,00000000
88170.89,4997.725,00000000
88170.9,4837.252,00000000
88170.91,4992.433,00000000
88170.92,5102.959,00000000
88170.93,5142.835,00000000
88170.94,4980.939,00000000
88170.95,4904.75,00000000
88170.96,5328.838,00000000
88170.97,4884.427,00000000
88170.98,4901.839,00000000
88170.99,5036.191,00000000
88171.0,5137.535,00000000
88171.01,5025.701,00000000
88171.02,5033.15,00000000
88171.03,4887.595,00000000
88171.04,4955.945,00000000
88171.05,5158.89,00000000
88171.06,4828.879,00000000
88171.07,5020.213,00000000
88171.08,4724.907,00000000
88171.09,4962.169,00000000
88171.1,4869.356,00000000
88171.11,5317.845,00000000
88171.12,4980.184,00000000
88171.13,5064.869,00000000
88171.14,5016.722,00000000
88171.15,4867.76,00000000
88171.16,5213.842,00000000
88171.17,4950.908,00000000
88171.18,4791.428,00000000
88171.19,4832.84,00000000
88171.2,4913.231,00000000
88171.21,4736.54,00000000
88171.22,4820.251,00000000
88171.23,5080.749,00000000
88171.24,4972.373,00000000
88171.25,4837.998,00000000
88171.26,5003.356,00000000
88171.27,4894.245,00000000
88171.28,5134.994,00000000
88171.29,4998.551,00000000
88171.3,5402.306,00000000
88171.31,5120.193,00000000
88171.32,4930.88,00000000
88171.33,4774.724,00000000
88171.34,4648.498,00000000
88171.35,5163.281,00000000
88171.36,5072.821,00000000
88171.37,4914.738,00000000
88171.38,4997.609,00000000
88171.39,5157.57,00000000
88171.4,5177.665,00000000
88171.41,5100.359,00000000
88171.42,4896.418,00000000
88171.43,5102.941,00000000
88171.44,4773.692,00000000
88171.45,4739.742,00000000
88171.46,5066.567,00000000
88171.47,5114.948,00000000
88171.48,5120.91,00000000
88171.49,5189.04,00000000
88171.5,4802.301,00000000
88171.51,5014.964,00000000
88171.52,4854.52,00000000
88171.53,5046.168,00000000
88171.54,5219.803,00000000
88171.55,5087.327,00000000
88171.56,4782.808,00000000
88171.57,4970.819,00000000
88171.58,4779.47,00000000
88171.59,4922.357,00000000
88171.6,4990.315,00000000
88171.61,5045.887,00000000
88171.62,4674.293,00000000
88171.63,4933.083,00000000
88171.64,5154.742,00000000
88171.65,5072.406,00000000
88171.66,5250.992,00000000
88171.67,5143.848,00000000
88171.68,4923.088,00000000
88171.69,5232.572,00000000
88171.7,4863.149,00000000
88171.71,5323.887,00000000
88171.72,4958.366,00000000
88171.73,5190.202,00000000
88171.74,5125.863,00000000
88171.75,5038.448,00000000
88171.76,5065.601,00000000
88171.77,5077.448,00000000
88171.78,5031.425,00000000
88171.79,5180.659,00000000
88171.8,5073.998,00000000
88171.81,5289.625,00000000
88171.82,5014.422,00000000
88171.83,4951.025,00000000
88171.84,5012.357,00000000
88171.85,5057.191,00000000
88171.86,4893.936,00000000
88171.87,4990.611,00000000
88171.88,4961.437,00000000
88171.89,4988.447,00000000
88171.9,4712.519,00000000
88171.91,4706.523,00000000
88171.92,4999.781,00000000
88171.93,5098.221,00000000
88171.94,5108.815,00000000
88171.95,5346.561,00000000
88171.96,5122.011,00000000
88171.97,5227.883,00000000
88171.98,4953.661,00000000
88171.99,5057.551,00000000
88172.0,4694.444,00000000
88172.01,4893.501,00000000
88172.02,5205.937,00000000
88172.03,5134.998,00000000
88172.04,5190.058,00000000
88172.05,4923.394,00000000
88172.06,5048.134,00000000
88172.07,4954.096,00000000
88172.08,5003.656,00000000
88172.09,5204.72,00000000
88172.1,5024.123,00000000
88172.11,4757.312,00000000
88172.12,4792.815,00000000
88172.13,5168.607,00000000
88172.14,5040.076,00000000
88172.15,5262.115,00000000
88172.16,5241.863,00000000
88172.17,4975.606,00000000
88172.18,4824.156,00000000
88172.19,5234.537,00000000
88172.2,4796.118,00000000
88172.21,4846.061,00000000
88172.22,5049.091,00000000
88172.23,4901.863,00000000
88172.24,5233.508,00000000
88172.25,5242.93,00000000
88172.26,5023.68,00000000
88172.27,4815.056,00000000
88172.28,5195.523,00000000
88172.29,5182.697,00000000
88172.3,4841.354,00000000
88172.31,5114.851,00000000
88172.32,5047.886,00000000
88172.33,5073.645,00000000
88172.34,4887.46,00000000
88172.35,5413.133,00000000
88172.36,5063.444,00000000
88172.37,5294.667,00000000
88172.38,4963.791,00000000
88172.39,4830.903,00000000
88172.4,5273.736,00000000
88172.41,5063.149,00000000
88172.42,4900.566,00000000
88172.43,5214.736,00000000
88172.44,5049.012,00000000
88172.45,4987.919,00000000
88172.46,4945.268,00000000
88172.47,4900.074,00000000
88172.48,4966.355,00000000
88172.49,5047.177,00000000
88172.5,4919.913,00000000
88172.51,5030.282,00000000
88172.52,5060.235,00000000
88172.53,4809.521,00000000
88172.54,5116.944,00000000
88172.55,5055.344,00000000
88172.56,5235.909,00000000
88172.57,4654.498,00000000
88172.58,4969.602,00000000
88172.59,5034.352,00000000
88172.6,5125.143,00000000
88172.61,5036.542,00000000
88172.62,4646.517,00000000
88172.63,4870.492,00000000
88172.64,4993.299,00000000
88172.65,4912.491,00000000
88172.66,4889.903,00000000
88172.67,4883.815,00000000
88172.68,4937.272,00000000
88172.69,5039.167,00000000
88172.7,4814.442,00000000
88172.71,4907.645,00000000
88172.72,4982.342,00000000
88172.73,5460.834,00000000
88172.74,5154.256,00000000
88172.75,4885.032,00000000
88172.76,5035.5,00000000
88172.77,4754.044,00000000
88172.78,5170.387,00000000
88172.79,4780.952,00000000
88172.8,5194.07,00000000
88172.81,5198.645,00000000
88172.82,4839.554,00000000
88172.83,4917.042,00000000
88172.84,5290.908,00000000
88172.85,5061.934,00000000
88172.86,4854.392,00000000
88172.87,5082.703,00000000
88172.88,4945.421,00000000
88172.89,5089.108,00000000
88172.9,4885.302,00000000
88172.91,5278.348,00000000
88172.92,5010.062,00000000
88172.93,5258.424,00000000
88172.94,5139.073,00000000
88172.95,5310.432,00000000
88172.96,5060.576,00000000
88172.97,5178.577,00000000
88172.98,5099.43,00000000
88172.99,4660.162,00000000
88173.0,5007.765,00000000
88173.01,4968.364,00000000
88173.02,5007.987,00000000
88173.03,4980.68,00000000
88173.04,4946.297,00000000
88173.05,4830.746,00000000
88173.06,4995.382,00000000
88173.07,4914.269,00000000
88173.08,5016.42,00000000
88173.09,5059.175,00000000
88173.1,5123.891,00000000
88173.11,4979.708,00000000
88173.12,5072.653,00000000
88173.13,4999.326,00000000
88173.14,4965.842,00000000
88173.15,5143.693,00000000
88173.16,4883.48,00000000
88173.17,4999.576,00000000
88173.18,4933.879,00000000
88173.19,5115.78,00000000
88173.2,4929.628,00000000
88173.21,4964.253,00000000
88173.22,5114.774,00000000
88173.23,4906.843,00000000
88173.24,4716.78,00000000
88173.25,5045.246,00000000
88173.26,4851.691,00000000
88173.27,4878.452,00000000
88173.28,5115.947,00000000
88173.29,5033.189,00000000
88173.3,5113.211,00000000
88173.31,5210.571,00000000
88173.32,5120.432,00000000
88173.33,5142.079,00000000
88173.34,5041.163,00000000
88173.35,5299.537,00000000
88173.36,4927.862,00000000
88173.37,4778.451,00000000
88173.38,4748.959,00000000
88173.39,4937.796,00000000
88173.4,4859.835,00000000
88173.41,5082.684,00000000
88173.42,5182.288,00000000
88173.43,4993.704,00000000
88173.44,5159.223,00000000
88173.45,5103.726,00000000
88173.46,5055.306,00000000
88173.47,4924.621,00000000
88173.48,5054.333,00000000
88173.49,4900.382,00000000
88173.5,4951.835,00000000
88173.51,5060.61,00000000
88173.52,5079.459,00000000
88173.53,4986.141,00000000
88173.54,5066.877,00000000
88173.55,5041.773,00000000
88173.56,4719.777,00000000
88173.57,4999.481,00000000
88173.58,4694.613,00000000
88173.59,5335.301,00000000
88173.6,5039.863,00000000
88173.61,4723.01,00000000
88173.62,4936.031,00000000
88173.63,4832.976,00000000
88173.64,4743.581,00000000
88173.65,4912.548,00000000
88173.66,5195.397,00000000
88173.67,4975.296,00000000
88173.68,4796.803,00000000
88173.69,4962.731,00000000
88173.7,4729.026,00000000
88173.71,5035.22,00000000
88173.72,4920.171,00000000
88173.73,5028.012,00000000
88173.74,5055.187,00000000
88173.75,4940.634,00000000
88173.76,4619.829,00000000
88173.77,4806.076,00000000
88173.78,5144.223,00000000
88173.79,5166.962,00000000
88173.8,4978.783,00000000
88173.81,4893.58,00000000
88173.82,4869.916,00000000
88173.83,4814.918,00000000
88173.84,4874.69,00000000
88173.85,4893.632,00000000
88173.86,4783.269,00000000
88173.87,4961.702,00000000
88173.88,5195.684,00000000
88173.89,4892.771,00000000
88173.9,4921.681,00000000
88173.91,5220.754,00000000
88173.92,4881.673,00000000
88173.93,4742.672,00000000
88173.94,4956.224,00000000
88173.95,5105.454,00000000
88173.96,5032.583,00000000
88173.97,4882.15,00000000
88173.98,4965.868,00000000
88173.99,5183.495,00000000
88174.0,4746.031,00000000
88174.01,5336.1,00000000
88174.02,4847.38,00000000
88174.03,5000.519,00000000
88174.04,4987.71,00000000
88174.05,5167.872,00000000
88174.06,4860.486,00000000
88174.07,4970.69,00000000
88174.08,4985.095,00000000
88174.09,4850.19,00000000
88174.1,4773.448,00000000
88174.11,4894.631,00000000
88174.12,4903.974,00000000
88174.13,4908.656,00000000
88174.14,4884.267,00000000
88174.15,4993.603,00000000
88174.16,4891.762,00000000
88174.17,4850.42,00000000
88174.18,4890.764,00000000
88174.19,4967.602,00000000
88174.2,4863.737,00000000
88174.21,4911.193,00000000
88174.22,5194.744,00000000
88174.23,5101.129,00000000
88174.24,5094.32,00000000
88174.25,5035.735,00000000
88174.26,4852.668,00000000
88174.27,5156.812,00000000
88174.28,4930.473,00000000
88174.29,5141.531,00000000
88174.3,4887.769,00000000
88174.31,4938.574,00000000
88174.32,4996.615,00000000
88174.33,4896.122,00000000
88174.34,4763.561,00000000
88174.35,5020.77,00000000
88174.36,4870.67,00000000
88174.37,4895.805,00000000
88174.38,4832.698,00000000
88174.39,5026.521,00000000
88174.4,4867.541,00000000
88174.41,4993.652,00000000
88174.42,4940.552,00000000
88174.43,4899.41,00000000
88174.44,5096.226,00000000
88174.45,4707.643,00000000
88174.46,4922.7,00000000
88174.47,5023.832,00000000
88174.48,5002.019,00000000
88174.49,4855.768,00000000
88174.5,4572.528,00000000
88174.51,5075.927,00000000
88174.52,4889.793,00000000
88174.53,5326.577,00000000
88174.54,5232.942,00000000
88174.55,4868.991,00000000
88174.56,5349.968,00000000
88174.57,4967.145,00000000
88174.58,4933.486,00000000
88174.59,4916.649,00000000
88174.6,4587.383,00000000
88174.61,4729.555,00000000
88174.62,4712.858,00000000
88174.63,5066.237,00000000
88174.64,5100.66,00000000
88174.65,5177.518,00000000
88174.66,5078.15,00000000
88174.67,4765.63,00000000
88174.68,5161.876,00000000
88174.69,4815.943,00000000
88174.7,4774.858,00000000
88174.71,4920.223,00000000
88174.72,4952.022,00000000
88174.73,5290.238,00000000
88174.74,4779.285,00000000
88174.75,4952.761,00000000
88174.76,4976.322,00000000
88174.77,5164.512,00000000
88174.78,5231.325,00000000
88174.79,4785.358,00000000
88174.8,5104.911,00000000
88174.81,5205.934,00000000
88174.82,4958.975,00000000
88174.83,5007.13,00000000
88174.84,4768.857,00000000
88174.85,5144.086,00000000
88174.86,4857.592,00000000
88174.87,5038.794,00000000
88174.88,5006.735,00000000
88174.89,5011.445,00000000
88174.9,5175.493,00000000
88174.91,4733.36,00000000
88174.92,5321.044,00000000
88174.93,4943.137,00000000
88174.94,5050.258,00000000
88174.95,4936.564,00000000
88174.96,5348.518,00000000
88174.97,5029.538,00000000
88174.98,5010.393,00000000
88174.99,4944.305,00000000
88175.0,5167.28,00000000
88175.01,4702.619,00000000
88175.02,4991.27,00000000
88175.03,4953.962,00000000
88175.04,4885.658,00000000
88175.05,4967.626,00000000
88175.06,4930.192,00000000
88175.07,4808.823,00000000
88175.08,5074.798,00000000
88175.09,4906.438,00000000
88175.1,5114.443,00000000
88175.11,4995.977,00000000
88175.12,4902.779,00000000
88175.13,4914.903,00000000
88175.14,5056.235,00000000
88175.15,4878.525,00000000
88175.16,4974.653,00000000
88175.17,5121.886,00000000
88175.18,5149.358,00000000
88175.19,5137.228,00000000
88175.2,4949.449,00000000
88175.21,4785.135,00000000
88175.22,4912.702,00000000
88175.23,4925.448,00000000
88175.24,5004.382,00000000
88175.25,5057.457,00000000
88175.26,4885.832,00000000
88175.27,5022.176,00000000
88175.28,4882.659,00000000
88175.29,4745.354,00000000
88175.3,5102.391,00000000
88175.31,5065.956,00000000
88175.32,5072.375,00000000
88175.33,5307.669,00000000
88175.34,4897.102,00000000
88175.35,4893.577,00000000
88175.36,5030.306,00000000
88175.37,5103.805,00000000
88175.38,4920.78,00000000
88175.39,5076.388,00000000
88175.4,4732.18,00000000
88175.41,5090.995,00000000
88175.42,4856.155,00000000
88175.43,4922.19,00000000
88175.44,5022.812,00000000
88175.45,4916.462,00000000
88175.46,5128.413,00000000
88175.47,5094.391,00000000
88175.48,4855.282,00000000
88175.49,5173.921,00000000
88175.5,4831.89,00000000
88175.51,5241.715,00000000
88175.52,4964.082,00000000
88175.53,5007.921,00000000
88175.54,4957.67,00000000
88175.55,5140.595,00000000
88175.56,4854.905,00000000
88175.57,4905.306,00000000
88175.58,5119.291,00000000
88175.59,5067.704,00000000
88175.6,4817.513,00000000
88175.61,5106.308,00000000
88175.62,4959.425,00000000
88175.63,4993.535,00000000
88175.64,5167.004,00000000
88175.65,5114.11,00000000
88175.66,5073.289,00000000
88175.67,5209.527,00000000
88175.68,5022.737,00000000
88175.69,5176.582,00000000
88175.7,4932.476,00000000
88175.71,4880.728,00000000
88175.72,4939.741,00000000
88175.73,5000.34,00000000
88175.74,4984.713,00000000
88175.75,4935.464,00000000
88175.76,5301.223,00000000
88175.77,4952.438,00000000
88175.78,4826.834,00000000
88175.79,5221.064,00000000
88175.8,4842.52,00000000
88175.81,5162.927,00000000
88175.82,4945.089,00000000
88175.83,5175.858,00000000
88175.84,5343.257,00000000
88175.85,5039.774,00000000
88175.86,5156.384,00000000
88175.87,5041.461,00000000
88175.88,5014.615,00000000
88175.89,5021.811,00000000
88175.9,4948.155,00000000
88175.91,5192.066,00000000
88175.92,5190.805,00000000
88175.93,4798.947,00000000
88175.94,5140.205,00000000
88175.95,5155.821,00000000
88175.96,4930.648,00000000
88175.97,5055.02,00000000
88175.98,5131.043,00000000
88175.99,5137.559,00000000
88176.0,5112.068,00000000
88176.01,5010.121,00000000
88176.02,4872.02,00000000
88176.03,5019.419,00000000
88176.04,4882.899,00000000
88176.05,5366.265,00000000
88176.06,5101.39,00000000
88176.07,4869.278,00000000
88176.08,5166.142,00000000
88176.09,4936.985,00000000
88176.1,5028.936,00000000
88176.11,4912.459,00000000
88176.12,4783.94,00000000
88176.13,5001.87,00000000
88176.14,4900.492,00000000
88176.15,4948.69,00000000
88176.16,5141.943,00000000
88176.17,4892.246,00000000
88176.18,5316.16,00000000
88176.19,5014.481,00000000
88176.2,5129.068,00000000
88176.21,4910.301,00000000
88176.22,4752.82,00000000
88176.23,5180.819,00000000
88176.24,4938.496,00000000
88176.25,4991.803,00000000
88176.26,5076.295,00000000
88176.27,5089.141,00000000
88176.28,5048.296,00000000
88176.29,5107.448,00000000
88176.3,5245.774,00000000
88176.31,5154.032,00000000
88176.32,4784.958,00000000
88176.33,5020.816,00000000
88176.34,4957.956,00000000
88176.35,4829.768,00000000
88176.36,5018.604,00000000
88176.37,4938.932,00000000
88176.38,5032.001,00000000
88176.39,5082.72,00000000
88176.4,5018.011,00000000
88176.41,5034.32,00000000
88176.42,5197.85,00000000
88176.43,4845.028,00000000
88176.44,4911.422,00000000
88176.45,5053.77,00000000
88176.46,5082.202,00000000
88176.47,4917.472,00000000
88176.48,5091.215,00000000
88176.49,5224.584,00000000
88176.5,4727.439,00000000
88176.51,5076.373,00000000
88176.52,5039.503,00000000
88176.53,4938.251,00000000
88176.54,5216.956,00000000
88176.55,4924.513,00000000
88176.56,5250.259,00000000
88176.57,4989.286,00000000
88176.58,5195.874,00000000
88176.59,5386.06,00000000
88176.6,5020.95,00000000
88176.61,5033.463,00000000
88176.62,5081.712,00000000
88176.63,5091.011,00000000
88176.64,4999.022,00000000
88176.65,5359.011,00000000
88176.66,5003.063,00000000
88176.67,4998.35,00000000
88176.68,4952.977,00000000
88176.69,5131.605,00000000
88176.7,5016.648,00000000
88176.71,4946.732,00000000
88176.72,5141.059,00000000
88176.73,5309.446,00000000
88176.74,4872.837,00000000
88176.75,4799.389,00000000
88176.76,5009.172,00000000
88176.77,5135.02,00000000
88176.78,4826.874,00000000
88176.79,4990.987,00000000
88176.8,5204.153,00000000
88176.81,5046.563,00000000
88176.82,5326.178,00000000
88176.83,5029.535,00000000
88176.84,4903.064,00000000
88176.85,5072.46,00000000
88176.86,4922.782,00000000
88176.87,5069.903,00000000
88176.88,4797.025,00000000
88176.89,4950.106,00000000
88176.9,4998.29,00000000
88176.91,5061.194,00000000
88176.92,5121.487,00000000
88176.93,4740.537,00000000
88176.94,4971.452,00000000
88176.95,5068.653,00000000
88176.96,4833.361,00000000
88176.97,4922.797,00000000
88176.98,4570.554,00000000
88176.99,5093.956,00000000
88177.0,5094.211,00000000
88177.01,4978.951,00000000
88177.02,5180.806,00000000
88177.03,5129.814,00000000
88177.04,5121.294,00000000
88177.05,4943.968,00000000
88177.06,5135.604,00000000
88177.07,4813.854,00000000
88177.08,5080.625,00000000
88177.09,4954.455,00000000
88177.1,5005.057,00000000
88177.11,4786.678,00000000
88177.12,4951.455,00000000
88177.13,4798.934,00000000
88177.14,5143.289,00000000
88177.15,4949.857,00000000
88177.16,5144.433,00000000
88177.17,4934.529,00000000
88177.18,4852.054,00000000
88177.19,5229.501,00000000
88177.2,5055.051,00000000
88177.21,5053.226,00000000
88177.22,4881.138,00000000
88177.23,5044.567,00000000
88177.24,4641.561,00000000
88177.25,4758.193,00000000
88177.26,4983.299,00000000
88177.27,5057.153,00000000
88177.28,4944.626,00000000
88177.29,5017.882,00000000
88177.3,5053.861,00000000
88177.31,5031.586,00000000
88177.32,5174.954,00000000
88177.33,4696.836,00000000
88177.34,5112.657,00000000
88177.35,5019.099,00000000
88177.36,5042.727,00000000
88177.37,5160.726,00000000
88177.38,4829.287,00000000
88177.39,4971.384,00000000
88177.4,4958.026,00000000
88177.41,5180.288,00000000
88177.42,4767.378,00000000
88177.43,5076.482,00000000
88177.44,4784.644,00000000
88177.45,4913.547,00000000
88177.46,5023.064,00000000
88177.47,4858.616,00000000
88177.48,5230.621,00000000
88177.49,4705.382,00000000
88177.5,4801.394,00000000
88177.51,4841.612,00000000
88177.52,5317.86,00000000
88177.53,5134.854,00000000
88177.54,4782.864,00000000
88177.55,4791.592,00000000
88177.56,5083.295,00000000
88177.57,4941.908,00000000
88177.58,5030.736,00000000
88177.59,5011.867,00000000
88177.6,4868.976,00000000
88177.61,5049.106,00000000
88177.62,4969.207,00000000
88177.63,5136.837,00000000
88177.64,5276.379,00000000
88177.65,5084.521,00000000
88177.66,5116.85,00000000
88177.67,4881.06,00000000
88177.68,4886.972,00000000
88177.69,5224.242,00000000
88177.7,4987.66,00000000
88177.71,4755.54,00000000
88177.72,5093.521,00000000
88177.73,5155.954,00000000
88177.74,4935.004,00000000
88177.75,4957.682,00000000
88177.76,5048.471,00000000
88177.77,5151.412,00000000
88177.78,4953.357,00000000
88177.79,4864.094,00000000
88177.8,4894.526,00000000
88177.81,5005.065,00000000
88177.82,4954.099,00000000
88177.83,4875.233,00000000
88177.84,4838.814,00000000
88177.85,4760.982,00000000
88177.86,5027.997,00000000
88177.87,5116.162,00000000
88177.88,5156.06,00000000
88177.89,5089.168,00000000
88177.9,5382.319,00000000
88177.91,4844.51,00000000
88177.92,5048.236,00000000
88177.93,4727.478,00000000
88177.94,4912.249,00000000
88177.95,4825.108,00000000
88177.96,4938.788,00000000
88177.97,5277.371,00000000
88177.98,5012.126,00000000
88177.99,4716.521,00000000
88178.0,4985.294,00000000
88178.01,4972.844,00000000
88178.02,5189.581,00000000
88178.03,5012.155,00000000
88178.04,4918.658,00000000
88178.05,5137.426,00000000
88178.06,5007.531,00000000
88178.07,4864.873,00000000
88178.08,4829.971,00000000
88178.09,5003.34,00000000
88178.1,4915.66,00000000
88178.11,4898.03,00000000
88178.12,5247.421,00000000
88178.13,4982.657,00000000
88178.14,4753.578,00000000
88178.15,4898.197,00000000
88178.16,5082.076,00000000
88178.17,5217.895,00000000
88178.18,4779.816,00000000
88178.19,4930.776,00000000
88178.2,5164.009,00000000
88178.21,4929.209,00000000
88178.22,5073.917,00000000
88178.23,5026.945,00000000
88178.24,5059.163,00000000
88178.25,4993.393,00000000
88178.26,5119.792,00000000
88178.27,5064.437,00000000
88178.28,4857.205,00000000
88178.29,5373.622,00000000
88178.3,4838.201,00000000
88178.31,5217.971,00000000
88178.32,4941.08,00000000
88178.33,4802.567,00000000
88178.34,4891.748,00000000
88178.35,4882.036,00000000
88178.36,5363.602,00000000
88178.37,4888.774,00000000
88178.38,5113.083,00000000
88178.39,4924.87,00000000
88178.4,5221.492,00000000
88178.41,5059.05,00000000
88178.42,4916.932,00000000
88178.43,5086.288,00000000
88178.44,5027.274,00000000
88178.45,4806.189,00000000
88178.46,4957.367,00000000
88178.47,4678.393,00000000
88178.48,4952.172,00000000
88178.49,5004.021,00000000
88178.5,4997.08,00000000
88178.51,4797.339,00000000
88178.52,4973.57,00000000
88178.53,4827.296,00000000
88178.54,4697.826,00000000
88178.55,4960.095,00000000
88178.56,5087.667,00000000
88178.57,4968.963,00000000
88178.58,5224.203,00000000
88178.59,5017.137,00000000
88178.6,5263.586,00000000
88178.61,5229.146,00000000
88178.62,4929.221,00000000
88178.63,4805.741,00000000
88178.64,4907.013,00000000
88178.65,5120.768,00000000
88178.66,4930.704,00000000
88178.67,4824.654,00000000
88178.68,4972.25,00000000
88178.69,4990.643,00000000
88178.7,5031.692,00000000
88178.71,4931.668,00000000
88178.72,4823.046,00000000
88178.73,5045.12,00000000
88178.74,5003.823,00000000
88178.75,4897.042,00000000
88178.76,5139.247,00000000
88178.77,4822.65,00000000
88178.78,5010.227,00000000
88178.79,5218.443,00000000
88178.8,5179.637,00000000
88178.81,5092.833,00000000
88178.82,4903.149,00000000
88178.83,4984.677,00000000
88178.84,5304.155,00000000
88178.85,5062.66,00000000
88178.86,5085.439,00000000
88178.87,5038.29,00000000
88178.88,4985.934,00000000
88178.89,4857.512,00000000
88178.9,5384.454,00000000
88178.91,5084.274,00000000
88178.92,5051.173,00000000
88178.93,4737.143,00000000
88178.94,5021.971,00000000
88178.95,5134.991,00000000
88178.96,4898.001,00000000
88178.97,5026.225,00000000
88178.98,5087.456,00000000
88178.99,4839.511,00000000
88179.0,5000.698,00000000
88179.01,4937.07,00000000
88179.02,4866.293,00000000
88179.03,4991.63,00000000
88179.04,4900.155,00000000
88179.05,5022.855,00000000
88179.06,4908.994,00000000
88179.07,5030.522,00000000
88179.08,4927.491,00000000
88179.09,4932.536,00000000
88179.1,4865.596,00000000
88179.11,4885.966,00000000
88179.12,5134.026,00000000
88179.13,4687.414,00000000
88179.14,4946.282,00000000
88179.15,4924.878,00000000
88179.16,4587.335,00000000
88179.17,5092.72,00000000
88179.18,4800.082,00000000
88179.19,4876.699,00000000
88179.2,5121.258,00000000
88179.21,5214.138,00000000
88179.22,4919.916,00000000
88179.23,5043.57,00000000
88179.24,5140.69,00000000
88179.25,5063.577,00000000
88179.26,5015.187,00000000
88179.27,5115.404,00000000
88179.28,5074.295,00000000
88179.29,5184.851,00000000
88179.3,4807.231,00000000
88179.31,5160.211,00000000
88179.32,4926.846,00000000
88179.33,5040.211,00000000
88179.34,4883.469,00000000
88179.35,4867.725,00000000
88179.36,5162.731,00000000
88179.37,5011.41,00000000
88179.38,4986.21,00000000
88179.39,5046.25,00000000
88179.4,4870.493,00000000
88179.41,4783.804,00000000
88179.42,4639.819,00000000
88179.43,5147.613,00000000
88179.44,5171.664,00000000
88179.45,5185.764,00000000
88179.46,5090.207,00000000
88179.47,4978.768,00000000
88179.48,4724.747,00000000
88179.49,4683.306,00000000
88179.5,4877.348,00000000
88179.51,5058.159,00000000
88179.52,5094.672,00000000
88179.53,5200.627,00000000
88179.54,4988.607,00000000
88179.55,4820.085,00000000
88179.56,4996.49,00000000
88179.57,5012.271,00000000
88179.58,5121.263,00000000
88179.59,4752.486,00000000
88179.6,4875.614,00000000
88179.61,4747.014,00000000
88179.62,5114.34,00000000
88179.63,5078.828,00000000
88179.64,4987.78,00000000
88179.65,4934.148,00000000
88179.66,5061.493,00000000
88179.67,4764.257,00000000
88179.68,4967.198,00000000
88179.69,4966.78,00000000
88179.7,5082.886,00000000
88179.71,5016.362,00000000
88179.72,5376.145,00000000
88179.73,5032.993,00000000
88179.74,4755.051,00000000
88179.75,5024.221,00000000
88179.76,4983.605,00000000
88179.77,4932.067,00000000
88179.78,4978.564,00000000
88179.79,4964.682,00000000
88179.8,4739.874,00000000
88179.81,5158.323,00000000
88179.82,4920.812,00000000
88179.83,4892.353,00000000
88179.84,4782.937,00000000
88179.85,5037.549,00000000
88179.86,4877.32,00000000
88179.87,5034.736,00000000
88179.88,5077.062,00000000
88179.89,5222.63,00000000
88179.9,4877.572,00000000
88179.91,5249.467,00000000
88179.92,5381.925,00000000
88179.93,4815.5,00000000
88179.94,5090.866,00000000
88179.95,5273.193,00000000
88179.96,5209.445,00000000
88179.97,4715.149,00000000
88179.98,5154.192,00000000
88179.99,5060.449,00000000
88180.0,5047.627,00000000
88180.01,4774.486,00000000
88180.02,5036.884,00000000
88180.03,4855.359,00000000
88180.04,4899.374,00000000
88180.05,4710.732,00000000
88180.06,4787.709,00000000
88180.07,4781.692,00000000
88180.08,4977.784,00000000
88180.09,4896.537,00000000
88180.1,5107.028,00000000
88180.11,4726.886,00000000
88180.12,4954.147,00000000
88180.13,4801.246,00000000
88180.14,5046.962,00000000
88180.15,5091.781,00000000
88180.16,5175.892,00000000
88180.17,5084.252,00000000
88180.18,4848.12,00000000
88180.19,4970.851,00000000
88180.2,5005.06,00000000
88180.21,5196.191,00000000
88180.22,4941.633,00000000
88180.23,4862.012,00000000
88180.24,4994.849,00000000
88180.25,5317.365,00000000
88180.26,4764.97,00000000
88180.27,5011.279,00000000
88180.28,5098.074,00000000
88180.29,5045.972,00000000
88180.3,5171.821,00000000
88180.31,5268.896,00000000
88180.32,5063.188,00000000
88180.33,5339.431,00000000
88180.34,5004.777,00000000
88180.35,5014.596,00000000
88180.36,4939.189,00000000
88180.37,5087.184,00000000
88180.38,4998.378,00000000
88180.39,5079.046,00000000
88180.4,4933.02,00000000
88180.41,5084.597,00000000
88180.42,4910.733,00000000
88180.43,5001.3,00000000
88180.44,4968.507,00000000
88180.45,4851.084,00000000
88180.46,4829.574,00000000
88180.47,5111.897,00000000
88180.48,5097.429,00000000
88180.49,5073.569,00000000
88180.5,5072.419,00000000
88180.51,4928.814,00000000
88180.52,5202.943,00000000
88180.53,5198.415,00000000
88180.54,4930.889,00000000
88180.55,4978.839,00000000
88180.56,4714.951,00000000
88180.57,5254.219,00000000
88180.58,4604.23,00000000
88180.59,4770.202,00000000
88180.6,4990.861,00000000
88180.61,4870.001,00000000
88180.62,4859.561,00000000
88180.63,4824.285,00000000
88180.64,4864.847,00000000
88180.65,5303.0,00000000
88180.66,5049.563,00000000
88180.67,4694.465,00000000
88180.68,4942.583,00000000
88180.69,4942.215,00000000
88180.7,4876.077,00000000
88180.71,5131.026,00000000
88180.72,5029.25,00000000
88180.73,4904.708,00000000
88180.74,4946.936,00000000
88180.75,5002.873,00000000
88180.76,4993.171,00000000
88180.77,5060.017,00000000
88180.78,5003.291,00000000
88180.79,5017.603,00000000
88180.8,5094.804,00000000
88180.81,5088.173,00000000
88180.82,5150.349,00000000
88180.83,5027.949,00000000
88180.84,4892.648,00000000
88180.85,4957.861,00000000
88180.86,5132.506,00000000
88180.87,4991.74,00000000
88180.88,5167.913,00000000
88180.89,5188.487,00000000
88180.9,4719.229,00000000
88180.91,4935.613,00000000
88180.92,4865.023,00000000
88180.93,4931.241,00000000
88180.94,4920.74,00000000
88180.95,4949.789,00000000
88180.96,5185.162,00000000
88180.97,5269.927,00000000
88180.98,5073.997,00000000
88180.99,5154.934,00000000
88181.0,5068.484,00000000
88181.01,4927.7,00000000
88181.02,5034.336,00000000
88181.03,4947.838,00000000
88181.04,4966.914,00000000
88181.05,4971.721,00000000
88181.06,4951.963,00000000
88181.07,4792.798,00000000
88181.08,5037.446,00000000
88181.09,4942.681,00000000
88181.1,4974.996,00000000
88181.11,4988.612,00000000
88181.12,4704.418,00000000
88181.13,5015.816,00000000
88181.14,5118.753,00000000
88181.15,4934.767,00000000
88181.16,4813.793,00000000
88181.17,5008.826,00000000
88181.18,4974.2,00000000
88181.19,5026.951,00000000
88181.2,4866.062,00000000
88181.21,4978.051,00000000
88181.22,4997.874,00000000
88181.23,4969.448,00000000
88181.24,4761.945,00000000
88181.25,5159.348,00000000
88181.26,4996.647,00000000
88181.27,5029.262,00000000
88181.28,5008.388,00000000
88181.29,5086.842,00000000
88181.3,4772.206,00000000
88181.31,4846.12,00000000
88181.32,4930.11,00000000
88181.33,4864.991,00000000
88181.34,5042.48,00000000
88181.35,4998.893,00000000
88181.36,4984.967,00000000
88181.37,4877.932,00000000
88181.38,4842.869,00000000
88181.39,5216.733,00000000
88181.4,5072.876,00000000
88181.41,5160.849,00000000
88181.42,5081.328,00000000
88181.43,5111.329,00000000
88181.44,5125.873,00000000
88181.45,4753.473,00000000
88181.46,5005.901,00000000
88181.47,4890.601,00000000
88181.48,5041.164,00000000
88181.49,4670.518,00000000
88181.5,4788.475,00000000
88181.51,5252.351,00000000
88181.52,5265.413,00000000
88181.53,4886.761,00000000
88181.54,4876.122,00000000
88181.55,5257.848,00000000
88181.56,5021.465,00000000
88181.57,4815.831,00000000
88181.58,4617.477,00000000
88181.59,5101.76,00000000
88181.6,4985.747,00000000
88181.61,4945.751,00000000
88181.62,4915.084,00000000
88181.63,5022.708,00000000
88181.64,4855.131,00000000
88181.65,4849.348,00000000
88181.66,4927.449,00000000
88181.67,5058.752,00000000
88181.68,4907.453,00000000
88181.69,5140.174,00000000
88181.7,4913.584,00000000
88181.71,5056.177,00000000
88181.72,5193.763,00000000
88181.73,4986.9,00000000
88181.74,5018.179,00000000
88181.75,4947.501,00000000
88181.76,4896.472,00000000
88181.77,4923.868,00000000
88181.78,4779.321,00000000
88181.79,4810.031,00000000
88181.8,5117.674,00000000
88181.81,4947.882,00000000
88181.82,5142.661,00000000
88181.83,4980.082,00000000
88181.84,4801.221,00000000
88181.85,5073.77,00000000
88181.86,4824.736,00000000
88181.87,4919.883,00000000
88181.88,5049.092,00000000
88181.89,5087.829,00000000
88181.9,5093.953,00000000
88181.91,5015.142,00000000
88181.92,4952.432,00000000
88181.93,5108.494,00000000
88181.94,5086.907,00000000
88181.95,5130.474,00000000
88181.96,4960.056,00000000
88181.97,4985.965,00000000
88181.98,5145.118,00000000
88181.99,4945.957,00000000
88182.0,5317.634,00000000
88182.01,5163.879,00000000
88182.02,5026.367,00000000
88182.03,5028.142,00000000
88182.04,5114.968,00000000
88182.05,5052.21,00000000
88182.06,5117.653,00000000
88182.07,4893.02,00000000
88182.08,5096.957,00000000
88182.09,4853.263,00000000
88182.1,5254.348,00000000
88182.11,4889.652,00000000
88182.12,4810.468,00000000
88182.13,5282.757,00000000
88182.14,4960.251,00000000
88182.15,5120.696,00000000
88182.16,5172.475,00000000
88182.17,5078.655,00000000
88182.18,4902.397,00000000
88182.19,5009.417,00000000
88182.2,4962.937,00000000
88182.21,4778.866,00000000
88182.22,5097.392,00000000
88182.23,4741.757,00000000
88182.24,5298.244,00000000
88182.25,4965.489,00000000
88182.26,4845.957,00000000
88182.27,5237.525,00000000
88182.28,4965.893,00000000
88182.29,4967.802,00000000
88182.3,5083.593,00000000
88182.31,4866.24,00000000
88182.32,4857.013,00000000
88182.33,5168.844,00000000
88182.34,5253.445,00000000
88182.35,5106.133,00000000
88182.36,5046.242,00000000
88182.37,4844.8,00000000
88182.38,4978.979,00000000
88182.39,4684.421,00000000
88182.4,4965.062,00000000
88182.41,5012.433,00000000
88182.42,5084.752,00000000
88182.43,4948.873,00000000
88182.44,4948.93,00000000
88182.45,4845.517,00000000
88182.46,5119.972,00000000
88182.47,4900.782,00000000
88182.48,5199.787,00000000
88182.49,4917.289,00000000
88182.5,5049.651,00000000
88182.51,5030.756,00000000
88182.52,5084.432,00000000
88182.53,5016.399,00000000
88182.54,4954.225,00000000
88182.55,5148.889,00000000
88182.56,4849.302,00000000
88182.57,4545.294,00000000
88182.58,5368.196,00000000
88182.59,4942.283,00000000
88182.6,4807.609,00000000
88182.61,5004.005,00000000
88182.62,4840.501,00000000
88182.63,5163.8,00000000
88182.64,4943.484,00000000
88182.65,5207.937,00000000
88182.66,4812.723,00000000
88182.67,5186.009,00000000
88182.68,4895.463,00000000
88182.69,5028.005,00000000
88182.7,5156.234,00000000
88182.71,4874.301,00000000
88182.72,5031.175,00000000
88182.73,5040.305,00000000
88182.74,4959.522,00000000
88182.75,5176.553,00000000
88182.76,5146.194,00000000
88182.77,5113.473,00000000
88182.78,4854.196,00000000
88182.79,4982.247,00000000
88182.8,4639.93,00000000
88182.81,5056.886,00000000
88182.82,5027.182,00000000
88182.83,4749.767,00000000
88182.84,5106.476,00000000
88182.85,4942.149,00000000
88182.86,4917.749,00000000
88182.87,5002.891,00000000
88182.88,5130.03,00000000
88182.89,5204.971,00000000
88182.9,5064.765,00000000
88182.91,5016.521,00000000
88182.92,4982.178,00000000
88182.93,4922.088,00000000
88182.94,4959.977,00000000
88182.95,5106.442,00000000
88182.96,5200.144,00000000
88182.97,4999.159,00000000
88182.98,5152.502,00000000
88182.99,4838.063,00000000
88183.0,5223.417,00000000
88183.01,4891.903,00000000
88183.02,5062.9,00000000
88183.03,5001.345,00000000
88183.04,5030.294,00000000
88183.05,4969.708,00000000
88183.06,5003.242,00000000
88183.07,5006.574,00000000
88183.08,4907.34,00000000
88183.09,5198.738,00000000
88183.1,4713.24,00000000
88183.11,4860.0,00000000
88183.12,5226.058,00000000
88183.13,5232.474,00000000
88183.14,5002.528,00000000
88183.15,4969.169,00000000
88183.16,4855.499,00000000
88183.17,4832.79,00000000
88183.18,4736.667,00000000
88183.19,5047.898,00000000
88183.2,4920.103,00000000
88183.21,5085.175,00000000
88183.22,4775.588,00000000
88183.23,5127.436,00000000
88183.24,5136.163,00000000
88183.25,5119.328,00000000
88183.26,5084.769,00000000
88183.27,4983.184,00000000
88183.28,4894.16,00000000
88183.29,5006.442,00000000
88183.3,5290.017,00000000
88183.31,5033.961,00000000
88183.32,5175.97,00000000
88183.33,4869.891,00000000
88183.34,5040.042,00000000
88183.35,5046.464,00000000
88183.36,5155.953,00000000
88183.37,4945.112,00000000
88183.38,4940.29,00000000
88183.39,5053.984,00000000
88183.4,4959.105,00000000
88183.41,4910.247,00000000
88183.42,4949.203,00000000
88183.43,4831.328,00000000
88183.44,4824.65,00000000
88183.45,5229.811,00000000
88183.46,4757.496,00000000
88183.47,5029.243,00000000
88183.48,5206.768,00000000
88183.49,4700.982,00000000
88183.5,5007.207,00000000
88183.51,4992.239,00000000
88183.52,5213.75,00000000
88183.53,5015.878,00000000
88183.54,5050.641,00000000
88183.55,5015.707,00000000
88183.56,5086.022,00000000
88183.57,4962.755,00000000
88183.58,4991.171,00000000
88183.59,4872.422,00000000
88183.6,5114.35,00000000
88183.61,5158.273,00000000
88183.62,4949.853,00000000
88183.63,5091.943,00000000
88183.64,5109.391,00000000
88183.65,4796.517,00000000
88183.66,4806.659,00000000
88183.67,5084.199,00000000
88183.68,5110.233,00000000
88183.69,5107.464,00000000
88183.7,5033.34,00000000
88183.71,5080.051,00000000
88183.72,4737.057,00000000
88183.73,5104.348,00000000
88183.74,5112.153,00000000
88183.75,4833.389,00000000
88183.76,4963.558,00000000
88183.77,5130.146,00000000
88183.78,5062.216,00000000
88183.79,5058.826,00000000
88183.8,5158.192,00000000
88183.81,5047.908,00000000
88183.82,4509.246,00000000
88183.83,4725.65,00000000
88183.84,5024.69,00000000
88183.85,5105.318,00000000
88183.86,5069.906,00000000
88183.87,4909.612,00000000
88183.88,4752.71,00000000
88183.89,4783.169,00000000
88183.9,4927.49,00000000
88183.91,4703.994,00000000
88183.92,5445.585,00000000
88183.93,4959.572,00000000
88183.94,5117.689,00000000
88183.95,4820.286,00000000
88183.96,4902.999,00000000
88183.97,5021.148,00000000
88183.98,5001.776,00000000
88183.99,4961.582,00000000
88184.0,5145.084,00000000
88184.01,5159.903,00000000
88184.02,4936.829,00000000
88184.03,5126.811,00000000
88184.04,4856.214,00000000
88184.05,5252.03,00000000
88184.06,5091.105,00000000
88184.07,5014.655,00000000
88184.08,4937.121,00000000
88184.09,5037.6,00000000
88184.1,4797.949,00000000
88184.11,5012.098,00000000
88184.12,4936.359,00000000
88184.13,5036.987,00000000
88184.14,4724.131,00000000
88184.15,5172.34,00000000
88184.16,4959.959,00000000
88184.17,4722.202,00000000
88184.18,5040.586,00000000
88184.19,5016.125,00000000
88184.2,4805.469,00000000
88184.21,5046.461,00000000
88184.22,5069.23,00000000
88184.23,5144.687,00000000
88184.24,5029.838,00000000
88184.25,4936.171,00000000
88184.26,5341.261,00000000
88184.27,5070.088,00000000
88184.28,5002.526,00000000
88184.29,4722.922,00000000
88184.3,4979.981,00000000
88184.31,5006.496,00000000
88184.32,4972.886,00000000
88184.33,5139.089,00000000
88184.34,4835.772,00000000
88184.35,4584.101,00000000
88184.36,4603.527,00000000
88184.37,5020.274,00000000
88184.38,5030.568,00000000
88184.39,4918.112,00000000
88184.4,5082.954,00000000
88184.41,5037.961,00000000
88184.42,4955.516,00000000
88184.43,4742.059,00000000
88184.44,5124.347,00000000
88184.45,5003.536,00000000
88184.46,5084.728,00000000
88184.47,5324.827,00000000
88184.48,5100.157,00000000
88184.49,5186.119,00000000
88184.5,4901.29,00000000
88184.51,4994.299,00000000
88184.52,4831.89,00000000
88184.53,5180.816,00000000
88184.54,5092.268,00000000
88184.55,5408.851,00000000
88184.56,4761.652,00000000
88184.57,5101.828,00000000
88184.58,4723.319,00000000
88184.59,5057.562,00000000
88184.6,5105.391,00000000
88184.61,5069.602,00000000
88184.62,4817.765,00000000
88184.63,5178.591,00000000
88184.64,4935.681,00000000
88184.65,4759.504,00000000
88184.66,4846.782,00000000
88184.67,5072.283,00000000
88184.68,4885.67,00000000
88184.69,4889.156,00000000
88184.7,5073.2,00000000
88184.71,5133.969,00000000
88184.72,5081.627,00000000
88184.73,5153.036,00000000
88184.74,4880.381,00000000
88184.75,4828.897,00000000
88184.76,4906.637,00000000
88184.77,5009.173,00000000
88184.78,5157.794,00000000
88184.79,5221.387,00000000
88184.8,4985.377,00000000
88184.81,5243.089,00000000
88184.82,4563.865,00000000
88184.83,5130.937,00000000
88184.84,5168.374,00000000
88184.85,5112.86,00000000
88184.86,5299.884,00000000
88184.87,4699.876,00000000
88184.88,5012.79,00000000
88184.89,5005.428,00000000
88184.9,5062.572,00000000
88184.91,4947.69,00000000
88184.92,4977.451,00000000
88184.93,5038.133,00000000
88184.94,5124.18,00000000
88184.95,4960.841,00000000
88184.96,4786.273,00000000
88184.97,4878.865,00000000
88184.98,4945.666,00000000
88184.99,5146.03,00000000
88185.0,4782.396,00000000
88185.01,4890.597,00000000
88185.02,4910.922,00000000
88185.03,4595.094,00000000
88185.04,4953.064,00000000
88185.05,4977.945,00000000
88185.06,5049.185,00000000
88185.07,4920.638,00000000
88185.08,5289.4,00000000
88185.09,4831.591,00000000
88185.1,4787.017,00000000
88185.11,4882.217,00000000
88185.12,5090.368,00000000
88185.13,4900.233,00000000
88185.14,5123.864,00000000
88185.15,5369.961,00000000
88185.16,5016.439,00000000
88185.17,4923.613,00000000
88185.18,4805.92,00000000
88185.19,5229.509,00000000
88185.2,4727.179,00000000
88185.21,5116.56,00000000
88185.22,4923.502,00000000
88185.23,5034.358,00000000
88185.24,5002.582,00000000
88185.25,4923.393,00000000
88185.26,5223.296,00000000
88185.27,4939.544,00000000
88185.28,4977.615,00000000
88185.29,4931.384,00000000
88185.3,5074.464,00000000
88185.31,5114.911,00000000
88185.32,5157.69,00000000
88185.33,4930.527,00000000
88185.34,4945.551,00000000
88185.35,5000.962,00000000
88185.36,5234.432,00000000
88185.37,5230.673,00000000
88185.38,5154.723,00000000
88185.39,4902.08,00000000
88185.4,5233.413,00000000
88185.41,4804.974,00000000
88185.42,5012.85,00000000
88185.43,5208.845,00000000
88185.44,4877.85,00000000
88185.45,4910.802,00000000
88185.46,4863.359,00000000
88185.47,5349.472,00000000
88185.48,5152.369,00000000
88185.49,5114.516,00000000
88185.5,4981.146,00000000
88185.51,4900.229,00000000
88185.52,4785.441,00000000
88185.53,4751.502,00000000
88185.54,4720.943,00000000
88185.55,5081.873,00000000
88185.56,4716.589,00000000
88185.57,5074.082,00000000
88185.58,5110.854,00000000
88185.59,5140.249,00000000
88185.6,5121.942,00000000
88185.61,5327.386,00000000
88185.62,5323.027,00000000
88185.63,5103.335,00000000
88185.64,4987.73,00000000
88185.65,4860.404,00000000
88185.66,4949.099,00000000
88185.67,4939.092,00000000
88185.68,4938.334,00000000
88185.69,5096.091,00000000
88185.7,4828.147,00000000
88185.71,5049.852,00000000
88185.72,4960.023,00000000
88185.73,5060.869,00000000
88185.74,5248.223,00000000
88185.75,4984.695,00000000
88185.76,4831.385,00000000
88185.77,5337.971,00000000
88185.78,5066.219,00000000
88185.79,4982.185,00000000
88185.8,5190.865,00000000
88185.81,5129.425,00000000
88185.82,4827.976,00000000
88185.83,5132.727,00000000
88185.84,5141.726,00000000
88185.85,4942.285,00000000
88185.86,4987.057,00000000
88185.87,4841.622,00000000
88185.88,5235.808,00000000
88185.89,5063.102,00000000
88185.9,4745.631,00000000
88185.91,5200.514,00000000
88185.92,5217.807,00000000
88185.93,5012.064,00000000
88185.94,4749.544,00000000
88185.95,4741.394,00000000
88185.96,4883.809,00000000
88185.97,4862.719,00000000
88185.98,4674.682,00000000
88185.99,5060.218,00000000
88186.0,5080.158,00000000
88186.01,4930.094,00000000
88186.02,4693.766,00000000
88186.03,4925.451,00000000
88186.04,5045.401,00000000
88186.05,4876.182,00000000
88186.06,4840.574,00000000
88186.07,4839.323,00000000
88186.08,5355.054,00000000
88186.09,5333.846,00000000
88186.1,4944.724,00000000
88186.11,5146.839,00000000
88186.12,5305.357,00000000
88186.13,5279.798,00000000
88186.14,4639.854,00000000
88186.15,5007.324,00000000
88186.16,5017.326,00000000
88186.17,4847.88,00000000
88186.18,4944.837,00000000
88186.19,4874.378,00000000
88186.2,5136.074,00000000
88186.21,5070.365,00000000
88186.22,5187.835,00000000
88186.23,5056.245,00000000
88186.24,4711.388,00000000
88186.25,4932.675,00000000
88186.26,5072.793,00000000
88186.27,4975.92,00000000
88186.28,4733.482,00000000
88186.29,4838.628,00000000
88186.3,5011.64,00000000
88186.31,5116.2,00000000
88186.32,5166.092,00000000
88186.33,5139.618,00000000
88186.34,4970.261,00000000
88186.35,4788.404,00000000
88186.36,5123.582,00000000
88186.37,5204.593,00000000
88186.38,5067.36,00000000
88186.39,5392.334,00000000
88186.4,4989.084,00000000
88186.41,5026.108,00000000
88186.42,5089.207,00000000
88186.43,4862.486,00000000
88186.44,4830.839,00000000
88186.45,5138.699,00000000
88186.46,5164.677,00000000
88186.47,5074.073,00000000
88186.48,5277.302,00000000
88186.49,5009.305,00000000
88186.5,4945.107,00000000
88186.51,4908.923,00000000
88186.52,4948.939,00000000
88186.53,5270.784,00000000
88186.54,4876.398,00000000
88186.55,5271.948,00000000
88186.56,4898.54,00000000
88186.57,5023.031,00000000
88186.58,4573.271,00000000
88186.59,4829.327,00000000
88186.6,5091.347,00000000
88186.61,4944.252,00000000
88186.62,5028.225,00000000
88186.63,4781.306,00000000
88186.64,5199.964,00000000
88186.65,5181.857,00000000
88186.66,4876.901,00000000
88186.67,4965.696,00000000
88186.68,5154.927,00000000
88186.69,5286.1,00000000
88186.7,4789.363,00000000
88186.71,4856.808,00000000
88186.72,4969.764,00000000
88186.73,5129.957,00000000
88186.74,4928.608,00000000
88186.75,4786.391,00000000
88186.76,4996.237,00000000
88186.77,4821.972,00000000
88186.78,5131.407,00000000
88186.79,4809.084,00000000
88186.8,4794.82,00000000
88186.81,5148.011,00000000
88186.82,4775.581,00000000
88186.83,4671.921,00000000
88186.84,4791.464,00000000
88186.85,4954.309,00000000
88186.86,5021.744,00000000
88186.87,4836.268,00000000
88186.88,4910.869,00000000
88186.89,5222.588,00000000
88186.9,5182.121,00000000
88186.91,5128.147,00000000
88186.92,4817.707,00000000
88186.93,5214.783,00000000
88186.94,4774.475,00000000
88186.95,5115.381,00000000
88186.96,5034.085,00000000
88186.97,4850.119,00000000
88186.98,4921.316,00000000
88186.99,4981.409,00000000
88187.0,5213.932,00000000
88187.01,4862.759,00000000
88187.02,4939.667,00000000
88187.03,5117.753,00000000
88187.04,5039.659,00000000
88187.05,4669.978,00000000
88187.06,5012.001,00000000
88187.07,5156.966,00000000
88187.08,4914.579,00000000
88187.09,4606.904,00000000
88187.1,4785.202,00000000
88187.11,5014.107,00000000
88187.12,5098.272,00000000
88187.13,4889.807,00000000
88187.14,5092.014,00000000
88187.15,4863.591,00000000
88187.16,5264.26,00000000
88187.17,4958.148,00000000
88187.18,5152.008,00000000
88187.19,4913.411,00000000
88187.2,4923.518,00000000
88187.21,5057.177,00000000
88187.22,4728.645,00000000
88187.23,5209.895,00000000
88187.24,5097.79,00000000
88187.25,4929.259,00000000
88187.26,4727.441,00000000
88187.27,4945.036,00000000
88187.28,4989.552,00000000
88187.29,4753.113,00000000
88187.3,5069.422,00000000
88187.31,4953.976,00000000
88187.32,4858.19,00000000
88187.33,5087.731,00000000
88187.34,4838.77,00000000
88187.35,5133.014,00000000
88187.36,4918.158,00000000
88187.37,4945.094,00000000
88187.38,4948.605,00000000
88187.39,5021.926,00000000
88187.4,4962.743,00000000
88187.41,5090.214,00000000
88187.42,4985.759,00000000
88187.43,4706.597,00000000
88187.44,5143.859,00000000
88187.45,5191.992,00000000
88187.46,5097.077,00000000
88187.47,5150.403,00000000
88187.48,4854.688,00000000
88187.49,5147.227,00000000
88187.5,5030.131,00000000
88187.51,4965.698,00000000
88187.52,5175.211,00000000
88187.53,4942.006,00000000
88187.54,5195.442,00000000
88187.55,5196.798,00000000
88187.56,5025.692,00000000
88187.57,4960.749,00000000
88187.58,4926.075,00000000
88187.59,5360.728,00000000
88187.6,4766.71,00000000
88187.61,5412.382,00000000
88187.62,5095.066,00000000
88187.63,4761.455,00000000
88187.64,4880.122,00000000
88187.65,5119.804,00000000
88187.66,5101.779,00000000
88187.67,5010.419,00000000
88187.68,5104.295,00000000
88187.69,5011.24,00000000
88187.7,5119.78,00000000
88187.71,4929.446,00000000
88187.72,4673.549,00000000
88187.73,5217.714,00000000
88187.74,5031.223,00000000
88187.75,4831.354,00000000
88187.76,5029.518,00000000
88187.77,5077.02,00000000
88187.78,5016.525,00000000
88187.79,5095.986,00000000
88187.8,5239.072,00000000
88187.81,4965.399,00000000
88187.82,5067.035,00000000
88187.83,4938.836,00000000
88187.84,5268.487,00000000
88187.85,5046.545,00000000
88187.86,4975.025,00000000
88187.87,4849.068,00000000
88187.88,5023.027,00000000
88187.89,5029.253,00000000
88187.9,5261.866,00000000
88187.91,5019.788,00000000
88187.92,4676.85,00000000
88187.93,5043.923,00000000
88187.94,5290.77,00000000
88187.95,4980.215,00000000
88187.96,4892.901,00000000
88187.97,5057.11,00000000
88187.98,5357.181,00000000
88187.99,5056.113,00000000
88188.0,5241.725,00000000
88188.01,4865.812,00000000
88188.02,5077.48,00000000
88188.03,5192.743,00000000
88188.04,4977.007,00000000
88188.05,4970.647,00000000
88188.06,4593.354,00000000
88188.07,4972.578,00000000
88188.08,5329.732,00000000
88188.09,5087.351,00000000
88188.1,4880.108,00000000
88188.11,4887.224,00000000
88188.12,5055.185,00000000
88188.13,4866.093,00000000
88188.14,4931.534,00000000
88188.15,5024.438,00000000
88188.16,5119.171,00000000
88188.17,4805.863,00000000
88188.18,4859.023,00000000
88188.19,4892.737,00000000
88188.2,5080.922,00000000
88188.21,5168.192,00000000
88188.22,4827.449,00000000
88188.23,5179.287,00000000
88188.24,5062.103,00000000
88188.25,4896.555,00000000
88188.26,5186.893,00000000
88188.27,4874.615,00000000
88188.28,4937.058,00000000
88188.29,4938.631,00000000
88188.3,4916.487,00000000
88188.31,5005.526,00000000
88188.32,5032.066,00000000
88188.33,4945.379,00000000
88188.34,4863.229,00000000
88188.35,5383.079,00000000
88188.36,5197.827,00000000
88188.37,5053.393,00000000
88188.38,5088.057,00000000
88188.39,4750.013,00000000
88188.4,5172.526,00000000
88188.41,5004.621,00000000
88188.42,5024.206,00000000
88188.43,4990.295,00000000
88188.44,5080.155,00000000
88188.45,5070.937,00000000
88188.46,5071.695,00000000
88188.47,5094.843,00000000
88188.48,4782.525,00000000
88188.49,4971.205,00000000
88188.5,4809.863,00000000
88188.51,4932.491,00000000
88188.52,4871.847,00000000
88188.53,4872.566,00000000
88188.54,5054.651,00000000
88188.55,4761.054,00000000
88188.56,4925.177,00000000
88188.57,4740.924,00000000
88188.58,4959.098,00000000
88188.59,5000.81,00000000
88188.6,4895.334,00000000
88188.61,4804.985,00000000
88188.62,5259.579,00000000
88188.63,5086.593,00000000
88188.64,4856.234,00000000
88188.65,5207.175,00000000
88188.66,4803.183,00000000
88188.67,4999.146,00000000
88188.68,5054.297,00000000
88188.69,5178.726,00000000
88188.7,4851.789,00000000
88188.71,4654.352,00000000
88188.72,4938.487,00000000
88188.73,4854.143,00000000
88188.74,5100.551,00000000
88188.75,4990.196,00000000
88188.76,4987.238,00000000
88188.77,5114.761,00000000
88188.78,4902.447,00000000
88188.79,5105.354,00000000
88188.8,5047.923,00000000
88188.81,4825.956,00000000
88188.82,5004.459,00000000
88188.83,5085.717,00000000
88188.84,4794.523,00000000
88188.85,5194.063,00000000
88188.86,5166.747,00000000
88188.87,5021.057,00000000
88188.88,5196.114,00000000
88188.89,5184.09,00000000
88188.9,5011.408,00000000
88188.91,4983.431,00000000
88188.92,5211.681,00000000
88188.93,4749.611,00000000
88188.94,4844.993,00000000
88188.95,5013.321,00000000
88188.96,4993.271,00000000
88188.97,4952.047,00000000
88188.98,4922.374,00000000
88188.99,5250.906,00000000
88189.0,4825.767,00000000
88189.01,4785.394,00000000
88189.02,4603.168,00000000
88189.03,4861.68,00000000
88189.04,4976.091,00000000
88189.05,4911.832,00000000
88189.06,4965.236,00000000
88189.07,4854.591,00000000
88189.08,4931.887,00000000
88189.09,5064.762,00000000
88189.1,4748.745,00000000
88189.11,5134.012,00000000
88189.12,5099.599,00000000
88189.13,4970.416,00000000
88189.14,4904.142,00000000
88189.15,5083.048,00000000
88189.16,5308.158,00000000
88189.17,4883.274,00000000
88189.18,5010.608,00000000
88189.19,4993.839,00000000
88189.2,5334.788,00000000
88189.21,5122.359,00000000
88189.22,5240.426,00000000
88189.23,4666.901,00000000
88189.24,5107.743,00000000
88189.25,4889.651,00000000
88189.26,5250.64,00000000
88189.27,4908.47,00000000
88189.28,4777.477,00000000
88189.29,4827.61,00000000
88189.3,4765.683,00000000
88189.31,4828.21,00000000
88189.32,4977.259,00000000
88189.33,5060.712,00000000
88189.34,4872.302,00000000
88189.35,4722.149,00000000
88189.36,4742.702,00000000
88189.37,4964.57,00000000
88189.38,4804.18,00000000
88189.39,4926.604,00000000
88189.4,5298.102,00000000
88189.41,4986.495,00000000
88189.42,4920.718,00000000
88189.43,4981.437,00000000
88189.44,5103.08,00000000
88189.45,4832.991,00000000
88189.46,4990.048,00000000
88189.47,4892.018,00000000
88189.48,5161.553,00000000
88189.49,4901.651,00000000
88189.5,5236.225,00000000
88189.51,4819.711,00000000
88189.52,4772.828,00000000
88189.53,4983.693,00000000
88189.54,4988.014,00000000
88189.55,4950.243,00000000
88189.56,5214.187,00000000
88189.57,5014.585,00000000
88189.58,5294.091,00000000
88189.59,5210.512,00000000
88189.6,5201.009,00000000
88189.61,5111.679,00000000
88189.62,5077.796,00000000
88189.63,5201.65,00000000
88189.64,4894.217,00000000
88189.65,4885.906,00000000
88189.66,4997.262,00000000
88189.67,5127.579,00000000
88189.68,5114.665,00000000
88189.69,4983.248,00000000
88189.7,5069.153,00000000
88189.71,5038.704,00000000
88189.72,4858.783,00000000
88189.73,5118.804,00000000
88189.74,4942.098,00000000
88189.75,5023.987,00000000
88189.76,5151.404,00000000
88189.77,5034.69,00000000
88189.78,5026.191,00000000
88189.79,5068.082,00000000
88189.8,5039.587,00000000
88189.81,4781.634,00000000
88189.82,5139.328,00000000
88189.83,4755.406,00000000
88189.84,5120.467,00000000
88189.85,4793.197,00000000
88189.86,4710.755,00000000
88189.87,4989.207,00000000
88189.88,4933.814,00000000
88189.89,5000.206,00000000
88189.9,4667.341,00000000
88189.91,4950.4,00000000
88189.92,5103.698,00000000
88189.93,5234.035,00000000
88189.94,4826.807,00000000
88189.95,4813.153,00000000
88189.96,4778.379,00000000
88189.97,5117.098,00000000
88189.98,4775.988,00000000
88189.99,5106.373,00000000
88190.0,4862.679,00000000
88190.01,5052.263,00000000
88190.02,5096.699,00000000
88190.03,5071.25,00000000
88190.04,5009.263,00000000
88190.05,4764.619,00000000
88190.06,5142.526,00000000
88190.07,4925.338,00000000
88190.08,5058.597,00000000
88190.09,4962.146,00000000
88190.1,5172.951,00000000
88190.11,5015.263,00000000
88190.12,4595.466,00000000
88190.13,5130.391,00000000
88190.14,5117.945,00000000
88190.15,4815.241,00000000
88190.16,5276.002,00000000
88190.17,5021.754,00000000
88190.18,5138.928,00000000
88190.19,5121.608,00000000
88190.2,5034.51,00000000
88190.21,5124.591,00000000
88190.22,5045.563,00000000
88190.23,4887.515,00000000
88190.24,4882.858,00000000
88190.25,4998.195,00000000
88190.26,5076.726,00000000
88190.27,4943.558,00000000
88190.28,5078.642,00000000
88190.29,4962.548,00000000
88190.3,4891.899,00000000
88190.31,4977.016,00000000
88190.32,5052.266,00000000
88190.33,4996.046,00000000
88190.34,4917.615,00000000
88190.35,5213.076,00000000
88190.36,4935.085,00000000
88190.37,5091.729,00000000
88190.38,5000.056,00000000
88190.39,5066.347,00000000
88190.4,5135.06,00000000
88190.41,4797.805,00000000
88190.42,5086.102,00000000
88190.43,5008.774,00000000
88190.44,5208.833,00000000
88190.45,5264.396,00000000
88190.46,5179.978,00000000
88190.47,4843.22,00000000
88190.48,4669.667,00000000
88190.49,4876.813,00000000
88190.5,4822.347,00000000
88190.51,5245.984,00000000
88190.52,5193.981,00000000
88190.53,4911.23,00000000
88190.54,5157.427,00000000
88190.55,5042.324,00000000
88190.56,4957.312,00000000
88190.57,4970.749,00000000
88190.58,4898.691,00000000
88190.59,4811.087,00000000
88190.6,4936.469,00000000
88190.61,4893.091,00000000
88190.62,4908.371,00000000
88190.63,5139.757,00000000
88190.64,4963.883,00000000
88190.65,4909.396,00000000
88190.66,5084.771,00000000
88190.67,4838.523,00000000
88190.68,4861.349,00000000
88190.69,4997.472,00000000
88190.7,4916.642,00000000
88190.71,4952.541,00000000
88190.72,4984.11,00000000
88190.73,5074.267,00000000
88190.74,5148.014,00000000
88190.75,4910.707,00000000
88190.76,5262.177,00000000
88190.77,4893.9,00000000
88190.78,4674.172,00000000
88190.79,4887.019,00000000
88190.8,4908.475,00000000
88190.81,4867.288,00000000
88190.82,4920.629,00000000
88190.83,4973.149,00000000
88190.84,5186.038,00000000
88190.85,4828.414,00000000
88190.86,4931.546,00000000
88190.87,5149.166,00000000
88190.88,4936.617,00000000
88190.89,4688.84,00000000
88190.9,5121.075,00000000
88190.91,5128.409,00000000
88190.92,4879.235,00000000
88190.93,5232.086,00000000
88190.94,4895.239,00000000
88190.95,4976.057,00000000
88190.96,4838.723,00000000
88190.97,4870.456,00000000
88190.98,4976.81,00000000
88190.99,5060.688,00000000
88191.0,4862.041,00000000
88191.01,4879.935,00000000
88191.02,5073.255,00000000
88191.03,5088.995,00000000
88191.04,4952.336,00000000
88191.05,5065.132,00000000
88191.06,4918.028,00000000
88191.07,5328.814,00000000
88191.08,4906.711,00000000
88191.09,4758.759,00000000
88191.1,4883.396,00000000
88191.11,5122.994,00000000
88191.12,4906.32,00000000
88191.13,4793.484,00000000
88191.14,5072.633,00000000
88191.15,5376.726,00000000
88191.16,5308.38,00000000
88191.17,4877.783,00000000
88191.18,5117.452,00000000
88191.19,5254.45,00000000
88191.2,5182.167,00000000
88191.21,4868.601,00000000
88191.22,5303.467,00000000
88191.23,5038.351,00000000
88191.24,4941.566,00000000
88191.25,4885.815,00000000
88191.26,4936.103,00000000
88191.27,5126.049,00000000
88191.28,4942.714,00000000
88191.29,5289.087,00000000
88191.3,5088.313,00000000
88191.31,5119.705,00000000
88191.32,4827.932,00000000
88191.33,5148.871,00000000
88191.34,4981.445,00000000
88191.35,4951.769,00000000
88191.36,4865.986,00000000
88191.37,5268.523,00000000
88191.38,5009.025,00000000
88191.39,4909.28,00000000
88191.4,4889.254,00000000
88191.41,4935.925,00000000
88191.42,5226.349,00000000
88191.43,5164.044,00000000
88191.44,5312.54,00000000
88191.45,4883.146,00000000
88191.46,5107.242,00000000
88191.47,4821.847,00000000
88191.48,4854.396,00000000
88191.49,5061.806,00000000
88191.5,5170.924,00000000
88191.51,4981.229,00000000
88191.52,5241.14,00000000
88191.53,5115.005,00000000
88191.54,5259.296,00000000
88191.55,5077.334,00000000
88191.56,4939.17,00000000
88191.57,5113.228,00000000
88191.58,4972.571,00000000
88191.59,5169.536,00000000
88191.6,4800.51,00000000
88191.61,4786.162,00000000
88191.62,5008.133,00000000
88191.63,5156.729,00000000
88191.64,4964.043,00000000
88191.65,5066.607,00000000
88191.66,4796.909,00000000
88191.67,5091.33,00000000
88191.68,4964.183,00000000
88191.69,5095.472,00000000
88191.7,4825.007,00000000
88191.71,5063.226,00000000
88191.72,5035.211,00000000
88191.73,5212.518,00000000
88191.74,4986.329,00000000
88191.75,5132.695,00000000
88191.76,4713.868,00000000
88191.77,4895.538,00000000
88191.78,4875.512,00000000
88191.79,5078.23,00000000
88191.8,5027.211,00000000
88191.81,4866.099,00000000
88191.82,5021.069,00000000
88191.83,4917.965,00000000
88191.84,5000.536,00000000
88191.85,5045.81,00000000
88191.86,4971.615,00000000
88191.87,5136.496,00000000
88191.88,4914.664,00000000
88191.89,4872.148,00000000
88191.9,4989.529,00000000
88191.91,5017.968,00000000
88191.92,4865.527,00000000
88191.93,5073.43,00000000
88191.94,5325.311,00000000
88191.95,4787.568,00000000
88191.96,5123.251,00000000
88191.97,4843.498,00000000
88191.98,4650.626,00000000
88191.99,4883.865,00000000
88192.0,4968.457,00000000
88192.01,4894.148,00000000
88192.02,5182.494,00000000
88192.03,5010.695,00000000
88192.04,4999.082,00000000
88192.05,5028.883,00000000
88192.06,5240.118,00000000
88192.07,4878.366,00000000
88192.08,4820.544,00000000
88192.09,4828.25,00000000
88192.1,4759.527,00000000
88192.11,5016.801,00000000
88192.12,5006.661,00000000
88192.13,4926.134,00000000
88192.14,4850.761,00000000
88192.15,4851.274,00000000
88192.16,5073.812,00000000
88192.17,5029.782,00000000
88192.18,5061.908,00000000
88192.19,5046.03,00000000
88192.2,4921.657,00000000
88192.21,5080.292,00000000
88192.22,5244.343,00000000
88192.23,5004.027,00000000
88192.24,4815.718,00000000
88192.25,5125.179,00000000
88192.26,4904.331,00000000
88192.27,5091.908,00000000
88192.28,4981.29,00000000
88192.29,4955.1,00000000
88192.3,5008.15,00000000
88192.31,5234.925,00000000
88192.32,4882.852,00000000
88192.33,4894.236,00000000
88192.34,4931.379,00000000
88192.35,5045.771,00000000
88192.36,5159.661,00000000
88192.37,5253.601,00000000
88192.38,5073.815,00000000
88192.39,5123.563,00000000
88192.4,4934.537,00000000
88192.41,5026.606,00000000
88192.42,4927.801,00000000
88192.43,4883.264,00000000
88192.44,5035.344,00000000
88192.45,4968.633,00000000
88192.46,5013.972,00000000
88192.47,5315.433,00000000
88192.48,5002.7,00000000
88192.49,5162.946,00000000
88192.5,5275.205,00000000
88192.51,5054.517,00000000
88192.52,4866.787,00000000
88192.53,4882.38,00000000
88192.54,4707.321,00000000
88192.55,4910.747,00000000
88192.56,4881.279,00000000
88192.57,4894.409,00000000
88192.58,5050.328,00000000
88192.59,4824.089,00000000
88192.6,4736.87,00000000
88192.61,4885.123,00000000
88192.62,4956.327,00000000
88192.63,4982.829,00000000
88192.64,5039.711,00000000
88192.65,5052.861,00000000
88192.66,4904.723,00000000
88192.67,5048.042,00000000
88192.68,4986.412,00000000
88192.69,5165.456,00000000
88192.7,5014.166,00000000
88192.71,5107.197,00000000
88192.72,5019.461,00000000
88192.73,4946.742,00000000
88192.74,5264.318,00000000
88192.75,4894.327,00000000
88192.76,5160.316,00000000
88192.77,5058.67,00000000
88192.78,5099.687,00000000
88192.79,5275.824,00000000
88192.8,5124.008,00000000
88192.81,4894.869,00000000
88192.82,4941.088,00000000
88192.83,5033.304,00000000
88192.84,5068.027,00000000
88192.85,5116.151,00000000
88192.86,4827.865,00000000
88192.87,4997.394,00000000
88192.88,5150.098,00000000
88192.89,4743.205,00000000
88192.9,5016.237,00000000
88192.91,4980.007,00000000
88192.92,5179.269,00000000
88192.93,5011.701,00000000
88192.94,5050.11,00000000
88192.95,4907.044,00000000
88192.96,5188.922,00000000
88192.97,5178.518,00000000
88192.98,5056.082,00000000
88192.99,5124.417,00000000
88193.0,5011.691,00000000
88193.01,4929.693,00000000
88193.02,4738.728,00000000
88193.03,4930.651,00000000
88193.04,5164.618,00000000
88193.05,5057.418,00000000
88193.06,4954.333,00000000
88193.07,5138.023,00000000
88193.08,5198.42,00000000
88193.09,4851.278,00000000
88193.1,4974.703,00000000
88193.11,5080.063,00000000
88193.12,5096.966,00000000
88193.13,5137.703,00000000
88193.14,4765.701,00000000
88193.15,5082.969,00000000
88193.16,5101.23,00000000
88193.17,5129.198,00000000
88193.18,4967.82,00000000
88193.19,5180.803,00000000
88193.2,4989.143,00000000
88193.21,5006.915,00000000
88193.22,5000.523,00000000
88193.23,5011.205,00000000
88193.24,4866.247,00000000
88193.25,5101.676,00000000
88193.26,4969.466,00000000
88193.27,4968.198,00000000
88193.28,5028.17,00000000
88193.29,5286.643,00000000
88193.3,4840.812,00000000
88193.31,4911.543,00000000
88193.32,4788.64,00000000
88193.33,5014.758,00000000
88193.34,4904.943,00000000
88193.35,4642.167,00000000
88193.36,4996.301,00000000
88193.37,4972.378,00000000
88193.38,5013.609,00000000
88193.39,4696.258,00000000
88193.4,5040.476,00000000
88193.41,4906.085,00000000
88193.42,4946.324,00000000
88193.43,4924.204,00000000
88193.44,5003.486,00000000
88193.45,4856.822,00000000
88193.46,4909.401,00000000
88193.47,5301.435,00000000
88193.48,5014.949,00000000
88193.49,5126.452,00000000
88193.5,5021.2,00000000
88193.51,5016.219,00000000
88193.52,5073.531,00000000
88193.53,4901.956,00000000
88193.54,4973.338,00000000
88193.55,4950.454,00000000
88193.56,5284.607,00000000
88193.57,5029.994,00000000
88193.58,4982.456,00000000
88193.59,4971.16,00000000
88193.6,4975.842,00000000
88193.61,4924.658,00000000
88193.62,4875.563,00000000
88193.63,5046.893,00000000
88193.64,4924.16,00000000
88193.65,4939.408,00000000
88193.66,5066.144,00000000
88193.67,5028.571,00000000
88193.68,5097.409,00000000
88193.69,4952.466,00000000
88193.7,5024.39,00000000
88193.71,4909.286,00000000
88193.72,4909.512,00000000
88193.73,4920.386,00000000
88193.74,5087.012,00000000
88193.75,4876.594,00000000
88193.76,4933.365,00000000
88193.77,5381.194,00000000
88193.78,4822.027,00000000
88193.79,5089.926,00000000
88193.8,5213.157,00000000
88193.81,4925.554,00000000
88193.82,4938.044,00000000
88193.83,5098.728,00000000
88193.84,5021.609,00000000
88193.85,4843.022,00000000
88193.86,4842.231,00000000
88193.87,5140.113,00000000
88193.88,5073.737,00000000
88193.89,4790.247,00000000
88193.9,4846.727,00000000
88193.91,5089.113,00000000
88193.92,5036.99,00000000
88193.93,4991.408,00000000
88193.94,4989.286,00000000
88193.95,4941.082,00000000
88193.96,5303.118,00000000
88193.97,5000.412,00000000
88193.98,5024.103,00000000
88193.99,5206.824,00000000
88194.0,4823.085,00000000
88194.01,4799.196,00000000
88194.02,5013.436,00000000
88194.03,4970.353,00000000
88194.04,4900.901,00000000
88194.05,4981.61,00000000
88194.06,5074.534,00000000
88194.07,5128.752,00000000
88194.08,5372.841,00000000
88194.09,5029.618,00000000
88194.1,4832.138,00000000
88194.11,4940.722,00000000
88194.12,4905.039,00000000
88194.13,4894.205,00000000
88194.14,5081.28,00000000
88194.15,5084.338,00000000
88194.16,5024.149,00000000
88194.17,5052.311,00000000
88194.18,4979.375,00000000
88194.19,5068.989,00000000
88194.2,5084.826,00000000
88194.21,5054.171,00000000
88194.22,5012.487,00000000
88194.23,4950.495,00000000
88194.24,5051.949,00000000
88194.25,4860.691,00000000
88194.26,5050.38,00000000
88194.27,5018.394,00000000
88194.28,5195.098,00000000
88194.29,5110.014,00000000
88194.3,4893.023,00000000
88194.31,4890.145,00000000
88194.32,4899.563,00000000
88194.33,4931.361,00000000
88194.34,5012.48,00000000
88194.35,5064.04,00000000
88194.36,5033.833,00000000
88194.37,5029.804,00000000
88194.38,5123.531,00000000
88194.39,5323.356,00000000
88194.4,5224.853,00000000
88194.41,5067.866,00000000
88194.42,4744.006,00000000
88194.43,4801.446,00000000
88194.44,4676.035,00000000
88194.45,4908.496,00000000
88194.46,4900.547,00000000
88194.47,4998.076,00000000
88194.48,5043.107,00000000
88194.49,5023.574,00000000
88194.5,5099.978,00000000
88194.51,4909.567,00000000
88194.52,5047.752,00000000
88194.53,5251.893,00000000
88194.54,5245.506,00000000
88194.55,4852.509,00000000
88194.56,5257.901,00000000
88194.57,4948.657,00000000
88194.58,4896.32,00000000
88194.59,5099.894,00000000
88194.6,4939.535,00000000
88194.61,4896.427,00000000
88194.62,4999.88,00000000
88194.63,4894.699,00000000
88194.64,4933.994,00000000
88194.65,5032.231,00000000
88194.66,5058.232,00000000
88194.67,4747.852,00000000
88194.68,4922.402,00000000
88194.69,5035.337,00000000
88194.7,4936.885,00000000
88194.71,5170.71,00000000
88194.72,4776.128,00000000
88194.73,4999.519,00000000
88194.74,4958.002,00000000
88194.75,4995.831,00000000
88194.76,4764.737,00000000
88194.77,4837.292,00000000
88194.78,4850.97,00000000
88194.79,4890.125,00000000
88194.8,4961.227,00000000
88194.81,4976.157,00000000
88194.82,5143.681,00000000
88194.83,5032.826,00000000
88194.84,4967.271,00000000
88194.85,4795.405,00000000
88194.86,5008.469,00000000
88194.87,4938.015,00000000
88194.88,5141.593,00000000
88194.89,5201.745,00000000
88194.9,4847.631,00000000
88194.91,5031.663,00000000
88194.92,5106.607,00000000
88194.93,5031.275,00000000
88194.94,5055.686,00000000
88194.95,4964.427,00000000
88194.96,5223.609,00000000
88194.97,5050.203,00000000
88194.98,5082.572,00000000
88194.99,5044.715,00000000
88195.0,4954.353,00000000
88195.01,5266.752,00000000
88195.02,5071.431,00000000
88195.03,5030.139,00000000
88195.04,5107.457,00000000
88195.05,5176.581,00000000
88195.06,4752.293,00000000
88195.07,5106.474,00000000
88195.08,4898.577,00000000
88195.09,4938.122,00000000
88195.1,5104.118,00000000
88195.11,4728.997,00000000
88195.12,5020.764,00000000
88195.13,4987.218,00000000
88195.14,5176.261,00000000
88195.15,4854.203,00000000
88195.16,5051.549,00000000
88195.17,4917.703,00000000
88195.18,5072.456,00000000
88195.19,4937.098,00000000
88195.2,5074.487,00000000
88195.21,5212.297,00000000
88195.22,4705.913,00000000
88195.23,4887.522,00000000
88195.24,4986.051,00000000
88195.25,4935.817,00000000
88195.26,4931.686,00000000
88195.27,4923.967,00000000
88195.28,4890.35,00000000
88195.29,4858.764,00000000
88195.3,5260.205,00000000
88195.31,5145.911,00000000
88195.32,5010.118,00000000
88195.33,4839.438,00000000
88195.34,5009.042,00000000
88195.35,4870.411,00000000
88195.36,4974.392,00000000
88195.37,5196.811,00000000
88195.38,5167.517,00000000
88195.39,4879.327,00000000
88195.4,5015.141,00000000
88195.41,5074.843,00000000
88195.42,4957.729,00000000
88195.43,4981.454,00000000
88195.44,4820.636,00000000
88195.45,5106.422,00000000
88195.46,4570.502,00000000
88195.47,4990.665,00000000
88195.48,5309.815,00000000
88195.49,4834.419,00000000
88195.5,4958.537,00000000
88195.51,4785.209,00000000
88195.52,5115.831,00000000
88195.53,5076.762,00000000
88195.54,4993.369,00000000
88195.55,4791.043,00000000
88195.56,5109.783,00000000
88195.57,4970.618,00000000
88195.58,4666.428,00000000
88195.59,4951.959,00000000
88195.6,5172.878,00000000
88195.61,5133.931,00000000
88195.62,4975.711,00000000
88195.63,5128.363,00000000
88195.64,5123.985,00000000
88195.65,4852.348,00000000
88195.66,4992.276,00000000
88195.67,4931.412,00000000
88195.68,5011.32,00000000
88195.69,4699.673,00000000
88195.7,5288.021,00000000
88195.71,5050.891,00000000
88195.72,5142.769,00000000
88195.73,5013.577,00000000
88195.74,4878.67,00000000
88195.75,5045.628,00000000
88195.76,5000.78,00000000
88195.77,4831.174,00000000
88195.78,4881.931,00000000
88195.79,4710.32,00000000
88195.8,5054.897,00000000
88195.81,4894.926,00000000
88195.82,5194.359,00000000
88195.83,5059.666,00000000
88195.84,5195.015,00000000
88195.85,5101.539,00000000
88195.86,5006.995,00000000
88195.87,5154.59,00000000
88195.88,4960.53,00000000
88195.89,5182.209,00000000
88195.9,4997.611,00000000
88195.91,4946.837,00000000
88195.92,5208.795,00000000
88195.93,5030.746,00000000
88195.94,5095.744,00000000
88195.95,4949.784,00000000
88195.96,4755.578,00000000
88195.97,5173.806,00000000
88195.98,4947.924,00000000
88195.99,4882.66,00000000
88196.0,4940.439,00000000
88196.01,5283.907,00000000
88196.02,5267.401,00000000
88196.03,4866.774,00000000
88196.04,4860.704,00000000
88196.05,5199.58,00000000
88196.06,5228.951,00000000
88196.07,5357.06,00000000
88196.08,4849.532,00000000
88196.09,5112.661,00000000
88196.1,4755.551,00000000
88196.11,5082.124,00000000
88196.12,5085.52,00000000
88196.13,4894.882,00000000
88196.14,4816.512,00000000
88196.15,4960.521,00000000
88196.16,5012.065,00000000
88196.17,4955.965,00000000
88196.18,4866.717,00000000
88196.19,4993.978,00000000
88196.2,4636.954,00000000
88196.21,5119.174,00000000
88196.22,5267.463,00000000
88196.23,4929.5,00000000
88196.24,5034.269,00000000
88196.25,5032.93,00000000
88196.26,5129.442,00000000
88196.27,4702.937,00000000
88196.28,5163.347,00000000
88196.29,4754.711,00000000
88196.3,4753.028,00000000
88196.31,4915.339,00000000
88196.32,4857.606,00000000
88196.33,5053.618,00000000
88196.34,4836.345,00000000
88196.35,4870.341,00000000
88196.36,5075.929,00000000
88196.37,4931.656,00000000
88196.38,4834.991,00000000
88196.39,4983.563,00000000
88196.4,4801.14,00000000
88196.41,5048.45,00000000
88196.42,4835.889,00000000
88196.43,4697.58,00000000
88196.44,4978.58,00000000
88196.45,4720.146,00000000
88196.46,5029.944,00000000
88196.47,5046.957,00000000
88196.48,5055.402,00000000
88196.49,4863.847,00000000
88196.5,4824.589,00000000
88196.51,5020.762,00000000
88196.52,5063.541,00000000
88196.53,4829.949,00000000
88196.54,4793.487,00000000
88196.55,4904.173,00000000
88196.56,5084.4,00000000
88196.57,4835.912,00000000
88196.58,5031.087,00000000
88196.59,4778.346,00000000
88196.6,5112.206,00000000
88196.61,5177.49,00000000
88196.62,5219.919,00000000
88196.63,5087.482,00000000
88196.64,5192.253,00000000
88196.65,4657.44,00000000
88196.66,4748.723,00000000
88196.67,4928.817,00000000
88196.68,5091.203,00000000
88196.69,5050.382,00000000
88196.7,4859.875,00000000
88196.71,4866.861,00000000
88196.72,4897.365,00000000
88196.73,5115.072,00000000
88196.74,5122.976,00000000
88196.75,5103.987,00000000
88196.76,5007.8,00000000
88196.77,5099.237,00000000
88196.78,4854.273,00000000
88196.79,5098.731,00000000
88196.8,4938.95,00000000
88196.81,4867.598,00000000
88196.82,4829.786,00000000
88196.83,5092.891,00000000
88196.84,5182.448,00000000
88196.85,4822.396,00000000
88196.86,4825.57,00000000
88196.87,5249.739,00000000
88196.88,4689.313,00000000
88196.89,5141.706,00000000
88196.9,4766.875,00000000
88196.91,5072.809,00000000
88196.92,5184.899,00000000
88196.93,5086.309,00000000
88196.94,5102.206,00000000
88196.95,5023.377,00000000
88196.96,5064.871,00000000
88196.97,5000.707,00000000
88196.98,5123.067,00000000
88196.99,4947.417,00000000
88197.0,5067.091,00000000
88197.01,4579.792,00000000
88197.02,5180.997,00000000
88197.03,5278.602,00000000
88197.04,5204.317,00000000
88197.05,5128.486,00000000
88197.06,4964.392,00000000
88197.07,5030.829,00000000
88197.08,5144.463,00000000
88197.09,5186.167,00000000
88197.1,4955.782,00000000
88197.11,5101.402,00000000
88197.12,5100.012,00000000
88197.13,5079.104,00000000
88197.14,5019.458,00000000
88197.15,4926.13,00000000
88197.16,5343.473,00000000
88197.17,4948.705,00000000
88197.18,5075.798,00000000
88197.19,5093.544,00000000
88197.2,5262.362,00000000
88197.21,5030.2,00000000
88197.22,4974.169,00000000
88197.23,4648.82,00000000
88197.24,4823.727,00000000
88197.25,5181.047,00000000
88197.26,4940.467,00000000
88197.27,4905.144,00000000
88197.28,4977.576,00000000
88197.29,5163.382,00000000
88197.3,5337.007,00000000
88197.31,5059.978,00000000
88197.32,5018.176,00000000
88197.33,4955.318,00000000
88197.34,5091.793,00000000
88197.35,5090.838,00000000
88197.36,5061.135,00000000
88197.37,4909.64,00000000
88197.38,5114.506,00000000
88197.39,5132.913,00000000
88197.4,5050.684,00000000
88197.41,5208.939,00000000
88197.42,5002.669,00000000
88197.43,5254.99,00000000
88197.44,4844.85,00000000
88197.45,4991.805,00000000
88197.46,5266.613,00000000
88197.47,4716.358,00000000
88197.48,5120.178,00000000
88197.49,5195.737,00000000
88197.5,5079.289,00000000
88197.51,4969.631,00000000
88197.52,5093.151,00000000
88197.53,5150.195,00000000
88197.54,5203.647,00000000
88197.55,4640.577,00000000
88197.56,4793.148,00000000
88197.57,4909.511,00000000
88197.58,5094.744,00000000
88197.59,4838.723,00000000
88197.6,4701.82,00000000
88197.61,4849.18,00000000
88197.62,5056.805,00000000
88197.63,4755.025,00000000
88197.64,4977.135,00000000
88197.65,5031.53,00000000
88197.66,4884.064,00000000
88197.67,4955.814,00000000
88197.68,4915.511,00000000
88197.69,4961.404,00000000
88197.7,5065.988,00000000
88197.71,5173.677,00000000
88197.72,4869.054,00000000
88197.73,4921.427,00000000
88197.74,5027.289,00000000
88197.75,5023.356,00000000
88197.76,5236.302,00000000
88197.77,4934.439,00000000
88197.78,4582.438,00000000
88197.79,4655.06,00000000
88197.8,4897.437,00000000
88197.81,4957.907,00000000
88197.82,5144.87,00000000
88197.83,5199.732,00000000
88197.84,4914.186,00000000
88197.85,5242.653,00000000
88197.86,4969.647,00000000
88197.87,5274.339,00000000
88197.88,4807.205,00000000
88197.89,5012.071,00000000
88197.9,5285.044,00000000
88197.91,4957.923,00000000
88197.92,5072.18,00000000
88197.93,5083.404,00000000
88197.94,4919.169,00000000
88197.95,5176.36,00000000
88197.96,5221.011,00000000
88197.97,5034.407,00000000
88197.98,4983.724,00000000
88197.99,4758.197,00000000
88198.0,5044.36,00000000
88198.01,5149.429,00000000
88198.02,5055.348,00000000
88198.03,4848.462,00000000
88198.04,4835.935,00000000
88198.05,4854.282,00000000
88198.06,5049.978,00000000
88198.07,4999.26,00000000
88198.08,5013.338,00000000
88198.09,5179.514,00000000
88198.1,5108.663,00000000
88198.11,4999.692,00000000
88198.12,5218.217,00000000
88198.13,4969.974,00000000
88198.14,4984.251,00000000
88198.15,5101.513,00000000
88198.16,5129.477,00000000
88198.17,4792.052,00000000
88198.18,5148.191,00000000
88198.19,5100.322,00000000
88198.2,5229.125,00000000
88198.21,4937.806,00000000
88198.22,5103.367,00000000
88198.23,4954.389,00000000
88198.24,4842.397,00000000
88198.25,4885.027,00000000
88198.26,4908.093,00000000
88198.27,5021.11,00000000
88198.28,5107.559,00000000
88198.29,4951.471,00000000
88198.3,5141.922,00000000
88198.31,5082.014,00000000
88198.32,4699.576,00000000
88198.33,5066.782,00000000
88198.34,4734.661,00000000
88198.35,4667.219,00000000
88198.36,5066.991,00000000
88198.37,5052.005,00000000
88198.38,5115.723,00000000
88198.39,5067.918,00000000
88198.4,5001.68,00000000
88198.41,4976.574,00000000
88198.42,5117.715,00000000
88198.43,5063.557,00000000
88198.44,5088.111,00000000
88198.45,4768.69,00000000
88198.46,4901.056,00000000
88198.47,4900.644,00000000
88198.48,4930.439,00000000
88198.49,5184.166,00000000
88198.5,5004.638,00000000
88198.51,5033.242,00000000
88198.52,5114.039,00000000
88198.53,4913.839,00000000
88198.54,5000.841,00000000
88198.55,5302.37,00000000
88198.56,5005.78,00000000
88198.57,4995.834,00000000
88198.58,5002.307,00000000
88198.59,4937.697,00000000
88198.6,4886.469,00000000
88198.61,5083.228,00000000
88198.62,4871.153,00000000
88198.63,5097.772,00000000
88198.64,4895.486,00000000
88198.65,4784.081,00000000
88198.66,5063.637,00000000
88198.67,5170.296,00000000
88198.68,5064.159,00000000
88198.69,4911.81,00000000
88198.7,5102.424,00000000
88198.71,5342.042,00000000
88198.72,4966.855,00000000
88198.73,5150.453,00000000
88198.74,5084.29,00000000
88198.75,5153.191,00000000
88198.76,5120.244,00000000
88198.77,4929.497,00000000
88198.78,5120.685,00000000
88198.79,5141.548,00000000
88198.8,4881.494,00000000
88198.81,5146.402,00000000
88198.82,5293.27,00000000
88198.83,4824.581,00000000
88198.84,5030.324,00000000
88198.85,5148.86,00000000
88198.86,5111.679,00000000
88198.87,4811.075,00000000
88198.88,5090.044,00000000
88198.89,5052.493,00000000
88198.9,4890.321,00000000
88198.91,5084.265,00000000
88198.92,4933.414,00000000
88198.93,5026.571,00000000
88198.94,4995.914,00000000
88198.95,5177.954,00000000
88198.96,5148.748,00000000
88198.97,4897.698,00000000
88198.98,4760.811,00000000
88198.99,4901.62,00000000
88199.0,5084.735,00000000
88199.01,4804.973,00000000
88199.02,5110.335,00000000
88199.03,5202.018,00000000
88199.04,4937.311,00000000
88199.05,5037.82,00000000
88199.06,4989.54,00000000
88199.07,4973.017,00000000
88199.08,5244.314,00000000
88199.09,5077.485,00000000
88199.1,4933.585,00000000
88199.11,4903.635,00000000
88199.12,5054.385,00000000
88199.13,5220.877,00000000
88199.14,5238.842,00000000
88199.15,4945.166,00000000
88199.16,5065.932,00000000
88199.17,5081.503,00000000
88199.18,5145.316,00000000
88199.19,4967.593,00000000
88199.2,4884.524,00000000
88199.21,5098.487,00000000
88199.22,5063.162,00000000
88199.23,5077.712,00000000
88199.24,4980.67,00000000
88199.25,4738.064,00000000
88199.26,5219.16,00000000
88199.27,5231.388,00000000
88199.28,5320.692,00000000
88199.29,5030.1,00000000
88199.3,5035.059,00000000
88199.31,4857.346,00000000
88199.32,5141.997,00000000
88199.33,4925.373,00000000
88199.34,4815.497,00000000
88199.35,5235.747,00000000
88199.36,5038.313,00000000
88199.37,4997.217,00000000
88199.38,4759.754,00000000
88199.39,4884.926,00000000
88199.4,5098.779,00000000
88199.41,4745.79,00000000
88199.42,4808.993,00000000
88199.43,4619.523,00000000
88199.44,5185.324,00000000
88199.45,4877.303,00000000
88199.46,5035.881,00000000
88199.47,4894.219,00000000
88199.48,4969.172,00000000
88199.49,5021.856,00000000
88199.5,4672.2,00000000
88199.51,4957.102,00000000
88199.52,4673.839,00000000
88199.53,4920.072,00000000
88199.54,5102.643,00000000
88199.55,5030.971,00000000
88199.56,4976.951,00000000
88199.57,4920.015,00000000
88199.58,4849.829,00000000
88199.59,5118.478,00000000
88199.6,4906.196,00000000
88199.61,4924.78,00000000
88199.62,5178.193,00000000
88199.63,5016.592,00000000
88199.64,5083.262,00000000
88199.65,4971.017,00000000
88199.66,4912.026,00000000
88199.67,5057.99,00000000
88199.68,4843.645,00000000
88199.69,4835.05,00000000
88199.7,4993.995,00000000
88199.71,5083.622,00000000
88199.72,5142.759,00000000
88199.73,4861.856,00000000
88199.74,4768.528,00000000
88199.75,4939.642,00000000
88199.76,5059.865,00000000
88199.77,4971.282,00000000
88199.78,5043.176,00000000
88199.79,4912.567,00000000
88199.8,5095.986,00000000
88199.81,5089.915,00000000
88199.82,5133.776,00000000
88199.83,5042.747,00000000
88199.84,4906.493,00000000
88199.85,5117.731,00000000
88199.86,4981.183,00000000
88199.87,5134.902,00000000
88199.88,4992.7,00000000
88199.89,5124.831,00000000
88199.9,5004.484,00000000
88199.91,4808.055,00000000
88199.92,5126.385,00000000
88199.93,5054.185,00000000
88199.94,4849.68,00000000
88199.95,4887.217,00000000
88199.96,5080.437,00000000
88199.97,5039.065,00000000
88199.98,4611.26,00000000
88199.99,4771.532,00000000
88200.0,5177.911,00000000
88200.01,5160.059,00000000
88200.02,4918.802,00000000
88200.03,5097.882,00000000
88200.04,5005.77,00000000
88200.05,4938.805,00000000
88200.06,5116.874,00000000
88200.07,5144.252,00000000
88200.08,5197.502,00000000
88200.09,5019.317,00000000
88200.1,5076.407,00000000
88200.11,4980.204,00000000
88200.12,4938.849,00000000
88200.13,5086.207,00000000
88200.14,5084.627,00000000
88200.15,4931.26,00000000
88200.16,4814.152,00000000
88200.17,5254.296,00000000
88200.18,5158.041,00000000
88200.19,4934.402,00000000
88200.2,5186.335,00000000
88200.21,5212.751,00000000
88200.22,4706.926,00000000
88200.23,5036.574,00000000
88200.24,4807.448,00000000
88200.25,4795.974,00000000
88200.26,4963.906,00000000
88200.27,4789.642,00000000
88200.28,5204.909,00000000
88200.29,4840.296,00000000
88200.3,5066.544,00000000
88200.31,5019.564,00000000
88200.32,4885.663,00000000
88200.33,5159.047,00000000
88200.34,4798.694,00000000
88200.35,5051.048,00000000
88200.36,5043.063,00000000
88200.37,4860.671,00000000
88200.38,4977.199,00000000
88200.39,4925.32,00000000
88200.4,5104.589,00000000
88200.41,5341.691,00000000
88200.42,5200.133,00000000
88200.43,5197.236,00000000
88200.44,4942.895,00000000
88200.45,4718.853,00000000
88200.46,5008.009,00000000
88200.47,4865.489,00000000
88200.48,4936.775,00000000
88200.49,5119.16,00000000
88200.5,4720.716,00000000
88200.51,5161.772,00000000
88200.52,5089.904,00000000
88200.53,5018.165,00000000
88200.54,5146.761,00000000
88200.55,5038.157,00000000
88200.56,4825.078,00000000
88200.57,4974.047,00000000
88200.58,4816.573,00000000
88200.59,5061.562,00000000
88200.6,4843.536,00000000
88200.61,4948.869,00000000
88200.62,5124.025,00000000
88200.63,4941.323,00000000
88200.64,5067.429,00000000
88200.65,4987.242,00000000
88200.66,5043.504,00000000
88200.67,4979.446,00000000
88200.68,5091.381,00000000
88200.69,5011.787,00000000
88200.7,5001.726,00000000
88200.71,4884.15,00000000
88200.72,5233.489,00000000
88200.73,4889.302,00000000
88200.74,5201.834,00000000
88200.75,4780.731,00000000
88200.76,5149.554,00000000
88200.77,5005.046,00000000
88200.78,5047.972,00000000
88200.79,5031.895,00000000
88200.8,4883.28,00000000
88200.81,4899.184,00000000
88200.82,5075.084,00000000
88200.83,5010.359,00000000
88200.84,5100.517,00000000
88200.85,5288.086,00000000
88200.86,5018.387,00000000
88200.87,4975.245,00000000
88200.88,5129.633,00000000
88200.89,5207.592,00000000
88200.9,5005.355,00000000
88200.91,4843.422,00000000
88200.92,4945.254,00000000
88200.93,5030.948,00000000
88200.94,5088.294,00000000
88200.95,4886.539,00000000
88200.96,5137.092,00000000
88200.97,5507.942,00000000
88200.98,5028.321,00000000
88200.99,5070.407,00000000
88201.0,4841.966,00000000
88201.01,4840.971,00000000
88201.02,4914.845,00000000
88201.03,5177.789,00000000
88201.04,5160.764,00000000
88201.05,4819.428,00000000
88201.06,4887.185,00000000
88201.07,4852.31,00000000
88201.08,5041.414,00000000
88201.09,4779.122,00000000
88201.1,4923.449,00000000
88201.11,4908.738,00000000
88201.12,4916.527,00000000
88201.13,5051.468,00000000
88201.14,4850.659,00000000
88201.15,4893.802,00000000
88201.16,4934.932,00000000
88201.17,5217.644,00000000
88201.18,5095.397,00000000
88201.19,5125.243,00000000
88201.2,5077.728,00000000
88201.21,4991.16,00000000
88201.22,5086.137,00000000
88201.23,4849.767,00000000
88201.24,4979.89,00000000
88201.25,5243.354,00000000
88201.26,4837.096,00000000
88201.27,5038.727,00000000
88201.28,4941.245,00000000
88201.29,4676.805,00000000
88201.3,4994.634,00000000
88201.31,5106.864,00000000
88201.32,4974.498,00000000
88201.33,4949.378,00000000
88201.34,5104.235,00000000
88201.35,5019.962,00000000
88201.36,5017.77,00000000
88201.37,5111.537,00000000
88201.38,4935.695,00000000
88201.39,4743.517,00000000
88201.4,4978.181,00000000
88201.41,5171.48,00000000
88201.42,4732.818,00000000
88201.43,4942.738,00000000
88201.44,5042.967,00000000
88201.45,4988.349,00000000
88201.46,4931.732,00000000
88201.47,4902.547,00000000
88201.48,5127.983,00000000
88201.49,4966.068,00000000
88201.5,4958.149,00000000
88201.51,5028.77,00000000
88201.52,4904.845,00000000
88201.53,4950.106,00000000
88201.54,5444.268,00000000
88201.55,5028.888,00000000
88201.56,4844.336,00000000
88201.57,4864.861,00000000
88201.58,4936.113,00000000
88201.59,5202.565,00000000
88201.6,4931.504,00000000
88201.61,4708.498,00000000
88201.62,5155.385,00000000
88201.63,4817.641,00000000
88201.64,5016.006,00000000
88201.65,4916.249,00000000
88201.66,5082.61,00000000
88201.67,5018.812,00000000
88201.68,4610.678,00000000
88201.69,5231.527,00000000
88201.7,4910.462,00000000
88201.71,5056.952,00000000
88201.72,5212.588,00000000
88201.73,5214.138,00000000
88201.74,4894.227,00000000
88201.75,5009.431,00000000
88201.76,4882.744,00000000
88201.77,5007.203,00000000
88201.78,5195.38,00000000
88201.79,5045.987,00000000
88201.8,5140.84,00000000
88201.81,5073.849,00000000
88201.82,4823.982,00000000
88201.83,4629.395,00000000
88201.84,5004.581,00000000
88201.85,5006.383,00000000
88201.86,4897.685,00000000
88201.87,4891.129,00000000
88201.88,5144.162,00000000
88201.89,4697.763,00000000
88201.9,4936.589,00000000
88201.91,5026.741,00000000
88201.92,5211.056,00000000
88201.93,5036.056,00000000
88201.94,5160.786,00000000
88201.95,5204.664,00000000
88201.96,5171.296,00000000
88201.97,5258.063,00000000
88201.98,5098.328,00000000
88201.99,5042.681,00000000
88202.0,5034.803,00000000
88202.01,5004.362,00000000
88202.02,4936.073,00000000
88202.03,5071.318,00000000
88202.04,4727.208,00000000
88202.05,4901.407,00000000
88202.06,4725.607,00000000
88202.07,4982.463,00000000
88202.08,5061.209,00000000
88202.09,4922.586,00000000
88202.1,5126.594,00000000
88202.11,5152.736,00000000
88202.12,4584.039,00000000
88202.13,4800.197,00000000
88202.14,4951.08,00000000
88202.15,4721.471,00000000
88202.16,4862.915,00000000
88202.17,4810.265,00000000
88202.18,4912.212,00000000
88202.19,5235.799,00000000
88202.2,5061.898,00000000
88202.21,4939.985,00000000
88202.22,4957.195,00000000
88202.23,4804.506,00000000
88202.24,5038.856,00000000
88202.25,5151.756,00000000
88202.26,4874.529,00000000
88202.27,5018.185,00000000
88202.28,5101.337,00000000
88202.29,5141.653,00000000
88202.3,5187.09,00000000
88202.31,5027.113,00000000
88202.32,4920.033,00000000
88202.33,4842.127,00000000
88202.34,4727.153,00000000
88202.35,4899.87,00000000
88202.36,4722.753,00000000
88202.37,5216.565,00000000
88202.38,5121.475,00000000
88202.39,5154.627,00000000
88202.4,5213.352,00000000
88202.41,4996.597,00000000
88202.42,4996.004,00000000
88202.43,4922.025,00000000
88202.44,5043.487,00000000
88202.45,4850.077,00000000
88202.46,4936.652,00000000
88202.47,5133.425,00000000
88202.48,5015.754,00000000
88202.49,5128.304,00000000
88202.5,5263.136,00000000
88202.51,5095.679,00000000
88202.52,4997.255,00000000
88202.53,5090.72,00000000
88202.54,4922.79,00000000
88202.55,4877.685,00000000
88202.56,5230.637,00000000
88202.57,4774.069,00000000
88202.58,5001.333,00000000
88202.59,4882.587,00000000
88202.6,4993.162,00000000
88202.61,5146.536,00000000
88202.62,4871.775,00000000
88202.63,4997.449,00000000
88202.64,5041.82,00000000
88202.65,5042.538,00000000
88202.66,4928.339,00000000
88202.67,4855.959,00000000
88202.68,5003.885,00000000
88202.69,5358.45,00000000
88202.7,4712.64,00000000
88202.71,4942.509,00000000
88202.72,5096.993,00000000
88202.73,5378.034,00000000
88202.74,5179.31,00000000
88202.75,5089.795,00000000
88202.76,5049.513,00000000
88202.77,5132.529,00000000
88202.78,4860.215,00000000
88202.79,4846.453,00000000
88202.8,4754.147,00000000
88202.81,4890.636,00000000
88202.82,5095.101,00000000
88202.83,5341.311,00000000
88202.84,5204.002,00000000
88202.85,5125.988,00000000
88202.86,4974.269,00000000
88202.87,4981.1,00000000
88202.88,4751.979,00000000
88202.89,5201.639,00000000
88202.9,4839.248,00000000
88202.91,4975.505,00000000
88202.92,4991.631,00000000
88202.93,4987.329,00000000
88202.94,4932.462,00000000
88202.95,4995.616,00000000
88202.96,4972.1,00000000
88202.97,5149.641,00000000
88202.98,5349.377,00000000
88202.99,4768.207,00000000
88203.0,5017.703,00000000
88203.01,5077.799,00000000
88203.02,5128.297,00000000
88203.03,4631.148,00000000
88203.04,4966.623,00000000
88203.05,4912.551,00000000
88203.06,4774.572,00000000
88203.07,4742.01,00000000
88203.08,5008.551,00000000
88203.09,4993.864,00000000
88203.1,4943.603,00000000
88203.11,4959.371,00000000
88203.12,5073.093,00000000
88203.13,4948.041,00000000
88203.14,4968.963,00000000
88203.15,5418.001,00000000
88203.16,4857.783,00000000
88203.17,5005.856,00000000
88203.18,4982.18,00000000
88203.19,4697.691,00000000
88203.2,4896.986,00000000
88203.21,4959.96,00000000
88203.22,4992.724,00000000
88203.23,5293.118,00000000
88203.24,4908.585,00000000
88203.25,4847.795,00000000
88203.26,4861.602,00000000
88203.27,5020.886,00000000
88203.28,4876.321,00000000
88203.29,4820.308,00000000
88203.3,5013.458,00000000
88203.31,5223.832,00000000
88203.32,5019.756,00000000
88203.33,5144.791,00000000
88203.34,4806.802,00000000
88203.35,4890.948,00000000
88203.36,4886.542,00000000
88203.37,4858.738,00000000
88203.38,5089.522,00000000
88203.39,5057.067,00000000
88203.4,5309.98,00000000
88203.41,5234.59,00000000
88203.42,5156.394,00000000
88203.43,4954.252,00000000
88203.44,5131.594,00000000
88203.45,4789.044,00000000
88203.46,4834.785,00000000
88203.47,4959.464,00000000
88203.48,4978.818,00000000
88203.49,4935.849,00000000
88203.5,5117.997,00000000
88203.51,4628.712,00000000
88203.52,4936.688,00000000
88203.53,4874.843,00000000
88203.54,4925.257,00000000
88203.55,4744.916,00000000
88203.56,5079.501,00000000
88203.57,4763.773,00000000
88203.58,5060.18,00000000
88203.59,4884.633,00000000
88203.6,4946.943,00000000
88203.61,4994.67,00000000
88203.62,5126.314,00000000
88203.63,4902.992,00000000
88203.64,4910.008,00000000
88203.65,5317.858,00000000
88203.66,4951.008,00000000
88203.67,4540.401,00000000
88203.68,5100.19,00000000
88203.69,5110.695,00000000
88203.7,4765.871,00000000
88203.71,5258.876,00000000
88203.72,5016.884,00000000
88203.73,5114.731,00000000
88203.74,4783.903,00000000
88203.75,4927.276,00000000
88203.76,4899.422,00000000
88203.77,4869.083,00000000
88203.78,5125.027,00000000
88203.79,5301.696,00000000
88203.8,5084.03,00000000
88203.81,4970.47,00000000
88203.82,5038.894,00000000
88203.83,4974.74,00000000
88203.84,5345.431,00000000
88203.85,4978.636,00000000
88203.86,5116.645,00000000
88203.87,5233.342,00000000
88203.88,4770.16,00000000
88203.89,4974.358,00000000
88203.9,4705.579,00000000
88203.91,5291.34,00000000
88203.92,5410.985,00000000
88203.93,4932.887,00000000
88203.94,4969.999,00000000
88203.95,4827.543,00000000
88203.96,4914.324,00000000
88203.97,5046.348,00000000
88203.98,4910.869,00000000
88203.99,4906.596,00000000
88204.0,4901.493,00000000
88204.01,4666.417,00000000
88204.02,4697.0,00000000
88204.03,5097.18,00000000
88204.04,5163.38,00000000
88204.05,4927.572,00000000
88204.06,5058.339,00000000
88204.07,4727.155,00000000
88204.08,5039.916,00000000
88204.09,5004.601,00000000
88204.1,4934.768,00000000
88204.11,5103.677,00000000
88204.12,5024.316,00000000
88204.13,5172.725,00000000
88204.14,5148.111,00000000
88204.15,5183.367,00000000
88204.16,4895.443,00000000
88204.17,5004.152,00000000
88204.18,4933.186,00000000
88204.19,5138.474,00000000
88204.2,5092.67,00000000
88204.21,4965.209,00000000
88204.22,4869.897,00000000
88204.23,4836.62,00000000
88204.24,5026.81,00000000
88204.25,4935.082,00000000
88204.26,5215.159,00000000
88204.27,4936.855,00000000
88204.28,5137.904,00000000
88204.29,5189.654,00000000
88204.3,5096.983,00000000
88204.31,4958.817,00000000
88204.32,4872.38,00000000
88204.33,4848.682,00000000
88204.34,4860.778,00000000
88204.35,5015.05,00000000
88204.36,5257.961,00000000
88204.37,4863.225,00000000
88204.38,5072.216,00000000
88204.39,4897.073,00000000
88204.4,5195.641,00000000
88204.41,5081.763,00000000
88204.42,4857.383,00000000
88204.43,4824.884,00000000
88204.44,4985.783,00000000
88204.45,4859.822,00000000
88204.46,5007.88,00000000
88204.47,4736.144,00000000
88204.48,4969.512,00000000
88204.49,4883.713,00000000
88204.5,4984.979,00000000
88204.51,4845.909,00000000
88204.52,4763.38,00000000
88204.53,5043.034,00000000
88204.54,4961.298,00000000
88204.55,4911.437,00000000
88204.56,4929.779,00000000
88204.57,5050.105,00000000
88204.58,4781.21,00000000
88204.59,4864.768,00000000
88204.6,4879.479,00000000
88204.61,4989.208,00000000
88204.62,4958.085,00000000
88204.63,4698.565,00000000
88204.64,5059.984,00000000
88204.65,5157.278,00000000
88204.66,5016.177,00000000
88204.67,4794.549,00000000
88204.68,4965.339,00000000
88204.69,4778.524,00000000
88204.7,5168.213,00000000
88204.71,5053.872,00000000
88204.72,4801.142,00000000
88204.73,4991.0,00000000
88204.74,5180.976,00000000
88204.75,5103.684,00000000
88204.76,4868.098,00000000
88204.77,5126.639,00000000
88204.78,5158.512,00000000
88204.79,5148.593,00000000
88204.8,5041.139,00000000
88204.81,4768.944,00000000
88204.82,4711.818,00000000
88204.83,5256.164,00000000
88204.84,4897.445,00000000
88204.85,4856.867,00000000
88204.86,5138.453,00000000
88204.87,4871.307,00000000
88204.88,5020.15,00000000
88204.89,5089.139,00000000
88204.9,5092.966,00000000
88204.91,5117.743,00000000
88204.92,5047.682,00000000
88204.93,4853.659,00000000
88204.94,4896.708,00000000
88204.95,4909.894,00000000
88204.96,4915.109,00000000
88204.97,5144.97,00000000
88204.98,4917.012,00000000
88204.99,4845.286,00000000
88205.0,5046.004,00000000
88205.01,4961.348,00000000
88205.02,5256.087,00000000
88205.03,5018.884,00000000
88205.04,5185.954,00000000
88205.05,5142.898,00000000
88205.06,5231.245,00000000
88205.07,5082.028,00000000
88205.08,5080.095,00000000
88205.09,5069.303,00000000
88205.1,5194.076,00000000
88205.11,5003.441,00000000
88205.12,4947.347,00000000
88205.13,5076.307,00000000
88205.14,4944.275,00000000
88205.15,5133.895,00000000
88205.16,5053.514,00000000
88205.17,5156.221,00000000
88205.18,5054.938,00000000
88205.19,5178.487,00000000
88205.2,5206.659,00000000
88205.21,5075.096,00000000
88205.22,4805.469,00000000
88205.23,4862.302,00000000
88205.24,5007.153,00000000
88205.25,4956.342,00000000
88205.26,5141.639,00000000
88205.27,4971.058,00000000
88205.28,4904.132,00000000
88205.29,4789.893,00000000
88205.3,5059.451,00000000
88205.31,5061.62,00000000
88205.32,5162.751,00000000
88205.33,4925.485,00000000
88205.34,5167.873,00000000
88205.35,4864.322,00000000
88205.36,4909.948,00000000
88205.37,4987.104,00000000
88205.38,5136.353,00000000
88205.39,4970.916,00000000
88205.4,4974.136,00000000
88205.41,4879.153,00000000
88205.42,5072.37,00000000
88205.43,5063.506,00000000
88205.44,4861.086,00000000
88205.45,5001.712,00000000
88205.46,4789.594,00000000
88205.47,4899.635,00000000
88205.48,5084.348,00000000
88205.49,5017.544,00000000
88205.5,4834.587,00000000
88205.51,5050.937,00000000
88205.52,4932.919,00000000
88205.53,4705.877,00000000
88205.54,4800.404,00000000
88205.55,4987.22,00000000
88205.56,5123.283,00000000
88205.57,4864.346,00000000
88205.58,4955.019,00000000
88205.59,5011.141,00000000
88205.6,4876.911,00000000
88205.61,4963.572,00000000
88205.62,4857.887,00000000
88205.63,4928.282,00000000
88205.64,5061.565,00000000
88205.65,5024.561,00000000
88205.66,5082.162,00000000
88205.67,5103.69,00000000
88205.68,4984.201,00000000
88205.69,4870.508,00000000
88205.7,5289.791,00000000
88205.71,4800.926,00000000
88205.72,4808.753,00000000
88205.73,4762.347,00000000
88205.74,4997.837,00000000
88205.75,5016.927,00000000
88205.76,5074.627,00000000
88205.77,5117.894,00000000
88205.78,4788.921,00000000
88205.79,4978.841,00000000
88205.8,4902.86,00000000
88205.81,4866.228,00000000
88205.82,5162.432,00000000
88205.83,4865.872,00000000
88205.84,5061.252,00000000
88205.85,4990.296,00000000
88205.86,4998.986,00000000
88205.87,5036.665,00000000
88205.88,4969.901,00000000
88205.89,4623.698,00000000
88205.9,5188.129,00000000
88205.91,5037.408,00000000
88205.92,5018.195,00000000
88205.93,5154.547,00000000
88205.94,4869.853,00000000
88205.95,4883.776,00000000
88205.96,5107.852,00000000
88205.97,5218.61,00000000
88205.98,4830.254,00000000
88205.99,5235.744,00000000
88206.0,4893.87,00000000
88206.01,5217.108,00000000
88206.02,4900.703,00000000
88206.03,5149.569,00000000
88206.04,4978.622,00000000
88206.05,5013.51,00000000
88206.06,5247.922,00000000
88206.07,5212.593,00000000
88206.08,5075.461,00000000
88206.09,5058.509,00000000
88206.1,5073.156,00000000
88206.11,5056.743,00000000
88206.12,4687.234,00000000
88206.13,5057.824,00000000
88206.14,4886.76,00000000
88206.15,5194.073,00000000
88206.16,4961.849,00000000
88206.17,4769.59,00000000
88206.18,4816.271,00000000
88206.19,5030.144,00000000
88206.2,4836.487,00000000
88206.21,4905.167,00000000
88206.22,4860.004,00000000
88206.23,4943.588,00000000
88206.24,5275.707,00000000
88206.25,5230.307,00000000
88206.26,5083.971,00000000
88206.27,4748.48,00000000
88206.28,5001.983,00000000
88206.29,4934.358,00000000
88206.3,4770.782,00000000
88206.31,4809.003,00000000
88206.32,4749.153,00000000
88206.33,5245.366,00000000
88206.34,4961.268,00000000
88206.35,5075.98,00000000
88206.36,5118.747,00000000
88206.37,5124.715,00000000
88206.38,4988.577,00000000
88206.39,4976.283,00000000
88206.4,5341.491,00000000
88206.41,5115.287,00000000
88206.42,5072.071,00000000
88206.43,5064.6,00000000
88206.44,4944.437,00000000
88206.45,4994.668,00000000
88206.46,5094.041,00000000
88206.47,5075.797,00000000
88206.48,4829.922,00000000
88206.49,5245.492,00000000
88206.5,4774.778,00000000
88206.51,4927.653,00000000
88206.52,5023.542,00000000
88206.53,4587.538,00000000
88206.54,5114.138,00000000
88206.55,5136.007,00000000
88206.56,5090.966,00000000
88206.57,4862.25,00000000
88206.58,5022.566,00000000
88206.59,5122.193,00000000
88206.6,5261.264,00000000
88206.61,5048.269,00000000
88206.62,5124.083,00000000
88206.63,4845.0,00000000
88206.64,5057.833,00000000
88206.65,4793.568,00000000
88206.66,5074.522,00000000
88206.67,5081.643,00000000
88206.68,4992.615,00000000
88206.69,4892.936,00000000
88206.7,4805.085,00000000
88206.71,5287.286,00000000
88206.72,5163.622,00000000
88206.73,5102.211,00000000
88206.74,5004.946,00000000
88206.75,4929.018,00000000
88206.76,4861.161,00000000
88206.77,5206.174,00000000
88206.78,5146.413,00000000
88206.79,5146.29,00000000
88206.8,5035.323,00000000
88206.81,4893.745,00000000
88206.82,4971.584,00000000
88206.83,5067.372,00000000
88206.84,4897.294,00000000
88206.85,5031.163,00000000
88206.86,4928.327,00000000
88206.87,4911.718,00000000
88206.88,4990.585,00000000
88206.89,4756.769,00000000
88206.9,4998.988,00000000
88206.91,5116.972,00000000
88206.92,5169.777,00000000
88206.93,5104.207,00000000
88206.94,5063.383,00000000
88206.95,4829.434,00000000
88206.96,4837.996,00000000
88206.97,5099.818,00000000
88206.98,5057.806,00000000
88206.99,5057.604,00000000
88207.0,4997.283,00000000
88207.01,5150.197,00000000
88207.02,5121.346,00000000
88207.03,5281.911,00000000
88207.04,5096.629,00000000
88207.05,4829.563,00000000
88207.06,4812.954,00000000
88207.07,4972.079,00000000
88207.08,5130.703,00000000
88207.09,5074.956,00000000
88207.1,4984.937,00000000
88207.11,5338.499,00000000
88207.12,4714.857,00000000
88207.13,4880.6,00000000
88207.14,5051.612,00000000
88207.15,5096.223,00000000
88207.16,5172.626,00000000
88207.17,5114.345,00000000
88207.18,4676.105,00000000
88207.19,5071.24,00000000
88207.2,5162.083,00000000
88207.21,4976.979,00000000
88207.22,4886.936,00000000
88207.23,5039.773,00000000
88207.24,5022.931,00000000
88207.25,4851.252,00000000
88207.26,5054.017,00000000
88207.27,4904.05,00000000
88207.28,4921.52,00000000
88207.29,5123.263,00000000
88207.3,4800.34,00000000
88207.31,5211.018,00000000
88207.32,4778.602,00000000
88207.33,4902.505,00000000
88207.34,4813.137,00000000
88207.35,5173.404,00000000
88207.36,5054.528,00000000
88207.37,4876.261,00000000
88207.38,5020.201,00000000
88207.39,4874.928,00000000
88207.4,5100.035,00000000
88207.41,4876.023,00000000
88207.42,4989.807,00000000
88207.43,5213.282,00000000
88207.44,5095.167,00000000
88207.45,4966.784,00000000
88207.46,5092.103,00000000
88207.47,5171.756,00000000
88207.48,5119.022,00000000
88207.49,5103.533,00000000
88207.5,5026.59,00000000
88207.51,5252.057,00000000
88207.52,4956.205,00000000
88207.53,5136.071,00000000
88207.54,5176.037,00000000
88207.55,4912.513,00000000
88207.56,5124.014,00000000
88207.57,4900.055,00000000
88207.58,4896.913,00000000
88207.59,5010.047,00000000
88207.6,5128.124,00000000
88207.61,5036.073,00000000
88207.62,4840.63,00000000
88207.63,4994.537,00000000
88207.64,4862.935,00000000
88207.65,5016.793,00000000
88207.66,5261.257,00000000
88207.67,4842.094,00000000
88207.68,5041.366,00000000
88207.69,4807.915,00000000
88207.7,4896.895,00000000
88207.71,5102.03,00000000
88207.72,4705.864,00000000
88207.73,5051.992,00000000
88207.74,5067.682,00000000
88207.75,5250.57,00000000
88207.76,5143.653,00000000
88207.77,5088.419,00000000
88207.78,4811.605,00000000
88207.79,4967.37,00000000
88207.8,4825.094,00000000
88207.81,4984.918,00000000
88207.82,4829.381,00000000
88207.83,5099.632,00000000
88207.84,4943.881,00000000
88207.85,5048.634,00000000
88207.86,4906.448,00000000
88207.87,5029.402,00000000
88207.88,4932.324,00000000
88207.89,5010.322,00000000
88207.9,5006.613,00000000
88207.91,4710.281,00000000
88207.92,5133.698,00000000
88207.93,5231.679,00000000
88207.94,5015.133,00000000
88207.95,4794.792,00000000
88207.96,4812.51,00000000
88207.97,4930.238,00000000
88207.98,5029.019,00000000
88207.99,4787.045,00000000
88208.0,4913.465,00000000
88208.01,5124.496,00000000
88208.02,5006.661,00000000
88208.03,5100.902,00000000
88208.04,5317.74,00000000
88208.05,4809.141,00000000
88208.06,5127.687,00000000
88208.07,4760.014,00000000
88208.08,4744.465,00000000
88208.09,5115.068,00000000
88208.1,4829.313,00000000
88208.11,5331.126,00000000
88208.12,4866.086,00000000
88208.13,4882.692,00000000
88208.14,4943.731,00000000
88208.15,4980.04,00000000
88208.16,4961.142,00000000
88208.17,5285.041,00000000
88208.18,4839.98,00000000
88208.19,4977.168,00000000
88208.2,5139.881,00000000
88208.21,4951.228,00000000
88208.22,4974.597,00000000
88208.23,5056.561,00000000
88208.24,4898.259,00000000
88208.25,5107.227,00000000
88208.26,4890.444,00000000
88208.27,4794.014,00000000
88208.28,4946.551,00000000
88208.29,5014.399,00000000
88208.3,4920.864,00000000
88208.31,4816.96,00000000
88208.32,5085.6,00000000
88208.33,4782.974,00000000
88208.34,4795.539,00000000
88208.35,4896.112,00000000
88208.36,4968.627,00000000
88208.37,4853.176,00000000
88208.38,4986.853,00000000
88208.39,4850.989,00000000
88208.4,4810.45,00000000
88208.41,5119.963,00000000
88208.42,4982.72,00000000
88208.43,5178.176,00000000
88208.44,5150.106,00000000
88208.45,5064.375,00000000
88208.46,4895.546,00000000
88208.47,5189.254,00000000
88208.48,4875.635,00000000
88208.49,4891.509,00000000
88208.5,4842.236,00000000
88208.51,4877.855,00000000
88208.52,5020.144,00000000
88208.53,4888.203,00000000
88208.54,4926.774,00000000
88208.55,4986.734,00000000
88208.56,5185.709,00000000
88208.57,4769.913,00000000
88208.58,4794.781,00000000
88208.59,4951.759,00000000
88208.6,5126.505,00000000
88208.61,4975.668,00000000
88208.62,5327.891,00000000
88208.63,4936.596,00000000
88208.64,4904.881,00000000
88208.65,4783.546,00000000
88208.66,4711.367,00000000
88208.67,4914.176,00000000
88208.68,5057.026,00000000
88208.69,5038.072,00000000
88208.7,5207.483,00000000
88208.71,5063.441,00000000
88208.72,5064.797,00000000
88208.73,4932.034,00000000
88208.74,4907.46,00000000
88208.75,5141.901,00000000
88208.76,5241.699,00000000
88208.77,4895.288,00000000
88208.78,4821.424,00000000
88208.79,4741.029,00000000
88208.8,4772.162,00000000
88208.81,4977.008,00000000
88208.82,4889.59,00000000
88208.83,5004.96,00000000
88208.84,5079.017,00000000
88208.85,5259.171,00000000
88208.86,5005.68,00000000
88208.87,5155.618,00000000
88208.88,4767.006,00000000
88208.89,4840.209,00000000
88208.9,5058.091,00000000
88208.91,5012.481,00000000
88208.92,5039.141,00000000
88208.93,4848.567,00000000
88208.94,5067.49,00000000
88208.95,5033.035,00000000
88208.96,5122.264,00000000
88208.97,4934.919,00000000
88208.98,4921.318,00000000
88208.99,5176.917,00000000
88209.0,4700.356,00000000
88209.01,4747.68,00000000
88209.02,4930.465,00000000
88209.03,5290.857,00000000
88209.04,5027.838,00000000
88209.05,5250.369,00000000
88209.06,5014.099,00000000
88209.07,5125.217,00000000
88209.08,5097.497,00000000
88209.09,5304.82,00000000
88209.1,4803.779,00000000
88209.11,4952.075,00000000
88209.12,4933.999,00000000
88209.13,5014.566,00000000
88209.14,5124.973,00000000
88209.15,5279.801,00000000
88209.16,5086.255,00000000
88209.17,4857.318,00000000
88209.18,4825.376,00000000
88209.19,5075.61,00000000
88209.2,5205.95,00000000
88209.21,4923.62,00000000
88209.22,5062.042,00000000
88209.23,4971.949,00000000
88209.24,4797.99,00000000
88209.25,5009.869,00000000
88209.26,5253.586,00000000
88209.27,5197.706,00000000
88209.28,4809.58,00000000
88209.29,5044.683,00000000
88209.3,5227.01,00000000
88209.31,5017.635,00000000
88209.32,4976.568,00000000
88209.33,5059.992,00000000
88209.34,4921.131,00000000
88209.35,5037.565,00000000
88209.36,5231.425,00000000
88209.37,5187.488,00000000
88209.38,4671.008,00000000
88209.39,5177.705,00000000
88209.4,4937.022,00000000
88209.41,5035.725,00000000
88209.42,5049.928,00000000
88209.43,5254.28,00000000
88209.44,5036.122,00000000
88209.45,4917.724,00000000
88209.46,5037.648,00000000
88209.47,4941.791,00000000
88209.48,5003.069,00000000
88209.49,5090.821,00000000
88209.5,5074.136,00000000
88209.51,4889.603,00000000
88209.52,5031.956,00000000
88209.53,5013.017,00000000
88209.54,4667.835,00000000
88209.55,5043.384,00000000
88209.56,4986.722,00000000
88209.57,4864.389,00000000
88209.58,5089.372,00000000
88209.59,4998.905,00000000
88209.6,5369.858,00000000
88209.61,5253.193,00000000
88209.62,5058.451,00000000
88209.63,4899.256,00000000
88209.64,4775.554,00000000
88209.65,4916.325,00000000
88209.66,4839.025,00000000
88209.67,5024.744,00000000
88209.68,5021.604,00000000
88209.69,4836.427,00000000
88209.7,4771.754,00000000
88209.71,4857.533,00000000
88209.72,4914.251,00000000
88209.73,4790.687,00000000
88209.74,4937.705,00000000
88209.75,4985.354,00000000
88209.76,5059.998,00000000
88209.77,4983.63,00000000
88209.78,4840.127,00000000
88209.79,4883.768,00000000
88209.8,5028.058,00000000
88209.81,4967.379,00000000
88209.82,4930.548,00000000
88209.83,5046.747,00000000
88209.84,5097.066,00000000
88209.85,5202.217,00000000
88209.86,5012.54,00000000
88209.87,4996.839,00000000
88209.88,4789.415,00000000
88209.89,4988.382,00000000
88209.9,4910.859,00000000
88209.91,5121.248,00000000
88209.92,4885.608,00000000
88209.93,4860.826,00000000
88209.94,5208.123,00000000
88209.95,5120.853,00000000
88209.96,5100.131,00000000
88209.97,4957.609,00000000
88209.98,5243.188,00000000
88209.99,4899.846,00000000
88210.0,5029.55,00000000
88210.01,4979.387,00000000
88210.02,4752.778,00000000
88210.03,4926.116,00000000
88210.04,4917.993,00000000
88210.05,4939.285,00000000
88210.06,5043.197,00000000
88210.07,5100.783,00000000
88210.08,4997.726,00000000
88210.09,5429.608,00000000
88210.1,4946.522,00000000
88210.11,5020.775,00000000
88210.12,4900.662,00000000
88210.13,4887.711,00000000
88210.14,4919.803,00000000
88210.15,5113.917,00000000
88210.16,5047.27,00000000
88210.17,5088.747,00000000
88210.18,4827.315,00000000
88210.19,4977.504,00000000
88210.2,5094.637,00000000
88210.21,5043.806,00000000
88210.22,5238.153,00000000
88210.23,4931.854,00000000
88210.24,4936.838,00000000
88210.25,4930.019,00000000
88210.26,4998.7,00000000
88210.27,4999.312,00000000
88210.28,4894.328,00000000
88210.29,4915.278,00000000
88210.3,4832.99,00000000
88210.31,4929.508,00000000
88210.32,4686.076,00000000
88210.33,5134.406,00000000
88210.34,5209.6,00000000
88210.35,5083.543,00000000
88210.36,5079.65,00000000
88210.37,5137.68,00000000
88210.38,4894.637,00000000
88210.39,5095.601,00000000
88210.4,5070.849,00000000
88210.41,4716.497,00000000
88210.42,5012.19,00000000
88210.43,4697.156,00000000
88210.44,5172.105,00000000
88210.45,5003.223,00000000
88210.46,4723.318,00000000
88210.47,5146.085,00000000
88210.48,4986.05,00000000
88210.49,5171.448,00000000
88210.5,5303.207,00000000
88210.51,4923.053,00000000
88210.52,4856.373,00000000
88210.53,5179.466,00000000
88210.54,4974.94,00000000
88210.55,4990.818,00000000
88210.56,5544.267,00000000
88210.57,4988.397,00000000
88210.58,5056.771,00000000
88210.59,5115.251,00000000
88210.6,4866.711,00000000
88210.61,4965.171,00000000
88210.62,4967.079,00000000
88210.63,4701.832,00000000
88210.64,5202.108,00000000
88210.65,4942.496,00000000
88210.66,5130.867,00000000
88210.67,4948.811,00000000
88210.68,5168.982,00000000
88210.69,4969.338,00000000
88210.7,4940.474,00000000
88210.71,5298.574,00000000
88210.72,4896.793,00000000
88210.73,4905.952,00000000
88210.74,5009.79,00000000
88210.75,5248.139,00000000
88210.76,5013.271,00000000
88210.77,4884.975,00000000
88210.78,5174.93,00000000
88210.79,5153.376,00000000
88210.8,4864.451,00000000
88210.81,4899.45,00000000
88210.82,4840.594,00000000
88210.83,5100.795,00000000
88210.84,4819.224,00000000
88210.85,4882.7,00000000
88210.86,4927.196,00000000
88210.87,5013.454,00000000
88210.88,5162.951,00000000
88210.89,4619.655,00000000
88210.9,5071.573,00000000
88210.91,4903.614,00000000
88210.92,4928.157,00000000
88210.93,5075.054,00000000
88210.94,5335.471,00000000
88210.95,4884.873,00000000
88210.96,5090.913,00000000
88210.97,5003.664,00000000
88210.98,5222.964,00000000
88210.99,4912.927,00000000
88211.0,5235.045,00000000
88211.01,4908.172,00000000
88211.02,5005.179,00000000
88211.03,4981.972,00000000
88211.04,5108.894,00000000
88211.05,4691.09,00000000
88211.06,4943.589,00000000
88211.07,5288.729,00000000
88211.08,4942.906,00000000
88211.09,4792.597,00000000
88211.1,5037.241,00000000
88211.11,5123.869,00000000
88211.12,4973.957,00000000
88211.13,4855.655,00000000
88211.14,5135.872,00000000
88211.15,5161.752,00000000
88211.16,4942.232,00000000
88211.17,5198.561,00000000
88211.18,4975.829,00000000
88211.19,5128.221,00000000
88211.2,5041.963,00000000
88211.21,5137.137,00000000
88211.22,5116.993,00000000
88211.23,4778.171,00000000
88211.24,4839.698,00000000
88211.25,5054.764,00000000
88211.26,5109.002,00000000
88211.27,4857.368,00000000
88211.28,4906.26,00000000
88211.29,4951.571,00000000
88211.3,5122.904,00000000
88211.31,5079.024,00000000
88211.32,4965.534,00000000
88211.33,4777.899,00000000
88211.34,4931.122,00000000
88211.35,4940.334,00000000
88211.36,4899.254,00000000
88211.37,5148.444,00000000
88211.38,5143.526,00000000
88211.39,5059.531,00000000
88211.4,4690.89,00000000
88211.41,5298.871,00000000
88211.42,5051.367,00000000
88211.43,5188.897,00000000
88211.44,5025.448,00000000
88211.45,5082.125,00000000
88211.46,5130.615,00000000
88211.47,5121.15,00000000
88211.48,4953.532,00000000
88211.49,4982.036,00000000
88211.5,5307.172,00000000
88211.51,4968.102,00000000
88211.52,4988.153,00000000
88211.53,5187.443,00000000
88211.54,4829.963,00000000
88211.55,4801.743,00000000
88211.56,5099.478,00000000
88211.57,4861.234,00000000
88211.58,4962.402,00000000
88211.59,4803.821,00000000
88211.6,4926.036,00000000
88211.61,5102.886,00000000
88211.62,5085.766,00000000
88211.63,5039.026,00000000
88211.64,4910.496,00000000
88211.65,5102.816,00000000
88211.66,4929.041,00000000
88211.67,5234.392,00000000
88211.68,5137.868,00000000
88211.69,5026.955,00000000
88211.7,4884.47,00000000
88211.71,5038.254,00000000
88211.72,4863.019,00000000
88211.73,4809.103,00000000
88211.74,5042.309,00000000
88211.75,5074.79,00000000
88211.76,5084.766,00000000
88211.77,4906.724,00000000
88211.78,5054.227,00000000
88211.79,5226.261,00000000
88211.8,4988.416,00000000
88211.81,4983.298,00000000
88211.82,4735.917,00000000
88211.83,5032.017,00000000
88211.84,4990.098,00000000
88211.85,5331.463,00000000
88211.86,4826.963,00000000
88211.87,5115.276,00000000
88211.88,4938.449,00000000
88211.89,5240.763,00000000
88211.9,5209.531,00000000
88211.91,4965.887,00000000
88211.92,5189.561,00000000
88211.93,5322.422,00000000
88211.94,4769.213,00000000
88211.95,5146.358,00000000
88211.96,5050.031,00000000
88211.97,4715.389,00000000
88211.98,5174.378,00000000
88211.99,5083.446,00000000
88212.0,5194.316,00000000
88212.01,5017.124,00000000
88212.02,4835.11,00000000
88212.03,4923.734,00000000
88212.04,4691.731,00000000
88212.05,4835.646,00000000
88212.06,4935.504,00000000
88212.07,5382.707,00000000
88212.08,5219.714,00000000
88212.09,4873.797,00000000
88212.1,4907.304,00000000
88212.11,4920.912,00000000
88212.12,4960.968,00000000
88212.13,5158.616,00000000
88212.14,4873.337,00000000
88212.15,4956.285,00000000
88212.16,5061.51,00000000
88212.17,4900.705,00000000
88212.18,5078.243,00000000
88212.19,5073.511,00000000
88212.2,4798.316,00000000
88212.21,4874.828,00000000
88212.22,5061.686,00000000
88212.23,4891.146,00000000
88212.24,4966.525,00000000
88212.25,5027.07,00000000
88212.26,4839.467,00000000
88212.27,4904.98,00000000
88212.28,4980.803,00000000
88212.29,4975.042,00000000
88212.3,4845.281,00000000
88212.31,4952.254,00000000
88212.32,5041.051,00000000
88212.33,5190.088,00000000
88212.34,5027.349,00000000
88212.35,5274.182,00000000
88212.36,5308.711,00000000
88212.37,4895.606,00000000
88212.38,4863.012,00000000
88212.39,4983.114,00000000
88212.4,5062.465,00000000
88212.41,5080.171,00000000
88212.42,4911.845,00000000
88212.43,5048.659,00000000
88212.44,4984.327,00000000
88212.45,5117.11,00000000
88212.46,4991.317,00000000
88212.47,4743.338,00000000
88212.48,5097.039,00000000
88212.49,5164.548,00000000
88212.5,4960.855,00000000
88212.51,5001.361,00000000
88212.52,4563.681,00000000
88212.53,5051.465,00000000
88212.54,4962.426,00000000
88212.55,4867.737,00000000
88212.56,5215.99,00000000
88212.57,4926.766,00000000
88212.58,5054.042,00000000
88212.59,5049.957,00000000
88212.6,5030.492,00000000
88212.61,4782.064,00000000
88212.62,4804.149,00000000
88212.63,4965.95,00000000
88212.64,4798.016,00000000
88212.65,4994.249,00000000
88212.66,5167.865,00000000
88212.67,4850.17,00000000
88212.68,4933.363,00000000
88212.69,4935.219,00000000
88212.7,4734.254,00000000
88212.71,5019.016,00000000
88212.72,5087.742,00000000
88212.73,4814.846,00000000
88212.74,4792.242,00000000
88212.75,5097.606,00000000
88212.76,4996.515,00000000
88212.77,4893.242,00000000
88212.78,5270.858,00000000
88212.79,5086.336,00000000
88212.8,4737.929,00000000
88212.81,4882.84,00000000
88212.82,5026.343,00000000
88212.83,4889.081,00000000
88212.84,5129.908,00000000
88212.85,5068.527,00000000
88212.86,5263.35,00000000
88212.87,4830.102,00000000
88212.88,4921.62,00000000
88212.89,4939.483,00000000
88212.9,5143.675,00000000
88212.91,5080.667,00000000
88212.92,4948.37,00000000
88212.93,4722.503,00000000
88212.94,5000.12,00000000
88212.95,5042.13,00000000
88212.96,5072.363,00000000
88212.97,5111.335,00000000
88212.98,5039.272,00000000
88212.99,5059.174,00000000
88213.0,4807.552,00000000
88213.01,4819.493,00000000
88213.02,5199.107,00000000
88213.03,5195.379,00000000
88213.04,5096.691,00000000
88213.05,4842.253,00000000
88213.06,5093.13,00000000
88213.07,5169.092,00000000
88213.08,5090.471,00000000
88213.09,4849.205,00000000
88213.1,5114.182,00000000
88213.11,5020.99,00000000
88213.12,5123.827,00000000
88213.13,5047.201,00000000
88213.14,5079.218,00000000
88213.15,5194.883,00000000
88213.16,5209.79,00000000
88213.17,4938.014,00000000
88213.18,4838.118,00000000
88213.19,4976.567,00000000
88213.2,5344.672,00000000
88213.21,5061.451,00000000
88213.22,4981.802,00000000
88213.23,5158.438,00000000
88213.24,4896.063,00000000
88213.25,4808.006,00000000
88213.26,4856.216,00000000
88213.27,5170.689,00000000
88213.28,5070.871,00000000
88213.29,4947.794,00000000
88213.3,5243.835,00000000
88213.31,5089.575,00000000
88213.32,5056.003,00000000
88213.33,4986.687,00000000
88213.34,5178.75,00000000
88213.35,4803.021,00000000
88213.36,5086.687,00000000
88213.37,5147.572,00000000
88213.38,5001.734,00000000
88213.39,5182.55,00000000
88213.4,4753.974,00000000
88213.41,5091.859,00000000
88213.42,4870.342,00000000
88213.43,4726.089,00000000
88213.44,4984.587,00000000
88213.45,5234.93,00000000
88213.46,4900.661,00000000
88213.47,5182.544,00000000
88213.48,5145.809,00000000
88213.49,4933.596,00000000
88213.5,5071.293,00000000
88213.51,4982.566,00000000
88213.52,5075.394,00000000
88213.53,4884.834,00000000
88213.54,5028.946,00000000
88213.55,5072.067,00000000
88213.56,4892.491,00000000
88213.57,5021.103,00000000
88213.58,5058.169,00000000
88213.59,4647.267,00000000
88213.6,5219.803,00000000
88213.61,4733.28,00000000
88213.62,4977.554,00000000
88213.63,5018.645,00000000
88213.64,4907.175,00000000
88213.65,4824.763,00000000
88213.66,5203.541,00000000
88213.67,5035.435,00000000
88213.68,4995.706,00000000
88213.69,5153.35,00000000
88213.7,5244.291,00000000
88213.71,5150.89,00000000
88213.72,4811.788,00000000
88213.73,4960.333,00000000
88213.74,5098.325,00000000
88213.75,5255.726,00000000
88213.76,4519.873,00000000
88213.77,5001.161,00000000
88213.78,5095.935,00000000
88213.79,5295.302,00000000
88213.8,5313.721,00000000
88213.81,4980.247,00000000
88213.82,5196.135,00000000
88213.83,5239.636,00000000
88213.84,5001.049,00000000
88213.85,4714.587,00000000
88213.86,4897.198,00000000
88213.87,4938.016,00000000
88213.88,5121.145,00000000
88213.89,5005.894,00000000
88213.9,4687.69,00000000
88213.91,5140.328,00000000
88213.92,4988.544,00000000
88213.93,5179.113,00000000
88213.94,5403.202,00000000
88213.95,5265.895,00000000
88213.96,5032.248,00000000
88213.97,5096.784,00000000
88213.98,4878.557,00000000
88213.99,4842.871,00000000
88214.0,4716.388,00000000
88214.01,4659.104,00000000
88214.02,4641.376,00000000
88214.03,4573.499,00000000
88214.04,5079.236,00000000
88214.05,5153.894,00000000
88214.06,5050.319,00000000
88214.07,4976.046,00000000
88214.08,4976.413,00000000
88214.09,5115.833,00000000
88214.1,5176.18,00000000
88214.11,4979.194,00000000
88214.12,5209.563,00000000
88214.13,4970.435,00000000
88214.14,5187.039,00000000
88214.15,4972.473,00000000
88214.16,4787.946,00000000
88214.17,5035.822,00000000
88214.18,4761.644,00000000
88214.19,4952.572,00000000
88214.2,4933.068,00000000
88214.21,5025.088,00000000
88214.22,4894.168,00000000
88214.23,4887.888,00000000
88214.24,4686.766,00000000
88214.25,5049.956,00000000
88214.26,4905.213,00000000
88214.27,4912.563,00000000
88214.28,5110.196,00000000
88214.29,4849.616,00000000
88214.3,5163.654,00000000
88214.31,4726.165,00000000
88214.32,5249.89,00000000
88214.33,4842.383,00000000
88214.34,5000.207,00000000
88214.35,4758.256,00000000
88214.36,5169.675,00000000
88214.37,4887.88,00000000
88214.38,4844.27,00000000
88214.39,5019.043,00000000
88214.4,5004.962,00000000
88214.41,5169.291,00000000
88214.42,4799.794,00000000
88214.43,5352.338,00000000
88214.44,4810.594,00000000
88214.45,5226.807,00000000
88214.46,4958.715,00000000
88214.47,4824.265,00000000
88214.48,4817.196,00000000
88214.49,5135.464,00000000
88214.5,4945.9,00000000
88214.51,4836.257,00000000
88214.52,5217.055,00000000
88214.53,4964.387,00000000
88214.54,4826.398,00000000
88214.55,5127.535,00000000
88214.56,4757.728,00000000
88214.57,4982.22,00000000
88214.58,4985.654,00000000
88214.59,4867.791,00000000
88214.6,5101.578,00000000
88214.61,4878.539,00000000
88214.62,5043.471,00000000
88214.63,4836.935,00000000
88214.64,4813.847,00000000
88214.65,4892.824,00000000
88214.66,5011.588,00000000
88214.67,4973.132,00000000
88214.68,5106.233,00000000
88214.69,4907.717,00000000
88214.7,4757.958,00000000
88214.71,5015.4,00000000
88214.72,4824.56,00000000
88214.73,5390.016,00000000
88214.74,4751.398,00000000
88214.75,4772.741,00000000
88214.76,4646.872,00000000
88214.77,5109.37,00000000
88214.78,4891.78,00000000
88214.79,5121.591,00000000
88214.8,4963.434,00000000
88214.81,4914.636,00000000
88214.82,4988.356,00000000
88214.83,5142.416,00000000
88214.84,4971.497,00000000
88214.85,5018.055,00000000
88214.86,4976.105,00000000
88214.87,5138.427,00000000
88214.88,5041.812,00000000
88214.89,5044.406,00000000
88214.9,5119.799,00000000
88214.91,4990.361,00000000
88214.92,5056.855,00000000
88214.93,5107.797,00000000
88214.94,4866.014,00000000
88214.95,5066.736,00000000
88214.96,5122.529,00000000
88214.97,4998.769,00000000
88214.98,4906.11,00000000
88214.99,5108.246,00000000
88215.0,4924.966,00000000
88215.01,4845.041,00000000
88215.02,5083.235,00000000
88215.03,4980.378,00000000
88215.04,5135.779,00000000
88215.05,4803.762,00000000
88215.06,4963.052,00000000
88215.07,5089.958,00000000
88215.08,5086.17,00000000
88215.09,5038.201,00000000
88215.1,4874.525,00000000
88215.11,4972.356,00000000
88215.12,5041.311,00000000
88215.13,5474.541,00000000
88215.14,5071.616,00000000
88215.15,5350.23,00000000
88215.16,4835.668,00000000
88215.17,5005.271,00000000
88215.18,4962.808,00000000
88215.19,4994.191,00000000
88215.2,4977.283,00000000
88215.21,5047.726,00000000
88215.22,4973.178,00000000
88215.23,4736.422,00000000
88215.24,4955.459,00000000
88215.25,5005.077,00000000
88215.26,5198.31,00000000
88215.27,4773.982,00000000
88215.28,5106.653,00000000
88215.29,5296.124,00000000
88215.3,4751.605,00000000
88215.31,4921.201,00000000
88215.32,4822.905,00000000
88215.33,4873.908,00000000
88215.34,5084.262,00000000
88215.35,4952.058,00000000
88215.36,5100.152,00000000
88215.37,4934.155,00000000
88215.38,4727.75,00000000
88215.39,4876.215,00000000
88215.4,5098.992,00000000
88215.41,5299.29,00000000
88215.42,5029.221,00000000
88215.43,4830.391,00000000
88215.44,4891.705,00000000
88215.45,4639.012,00000000
88215.46,4993.49,00000000
88215.47,5136.243,00000000
88215.48,4936.407,00000000
88215.49,5005.242,00000000
88215.5,5036.399,00000000
88215.51,4895.429,00000000
88215.52,5307.492,00000000
88215.53,5144.493,00000000
88215.54,5068.251,00000000
88215.55,5109.128,00000000
88215.56,4939.257,00000000
88215.57,4884.156,00000000
88215.58,4844.882,00000000
88215.59,4773.438,00000000
88215.6,5124.448,00000000
88215.61,4728.737,00000000
88215.62,4923.955,00000000
88215.63,4876.24,00000000
88215.64,4933.155,00000000
88215.65,5017.596,00000000
88215.66,5098.664,00000000
88215.67,4747.421,00000000
88215.68,4996.325,00000000
88215.69,4896.331,00000000
88215.7,5251.05,00000000
88215.71,4821.544,00000000
88215.72,4953.367,00000000
88215.73,5311.279,00000000
88215.74,4953.052,00000000
88215.75,4919.448,00000000
88215.76,5104.734,00000000
88215.77,4941.411,00000000
88215.78,4915.727,00000000
88215.79,4972.935,00000000
88215.8,5023.27,00000000
88215.81,5111.248,00000000
88215.82,4907.786,00000000
88215.83,5342.049,00000000
88215.84,4713.975,00000000
88215.85,5304.828,00000000
88215.86,4898.719,00000000
88215.87,5026.326,00000000
88215.88,4920.619,00000000
88215.89,4940.203,00000000
88215.9,5058.134,00000000
88215.91,5095.943,00000000
88215.92,5240.768,00000000
88215.93,4921.206,00000000
88215.94,5199.681,00000000
88215.95,4830.76,00000000
88215.96,4871.883,00000000
88215.97,4925.055,00000000
88215.98,5044.356,00000000
88215.99,5133.187,00000000
88216.0,5102.899,00000000
88216.01,5040.537,00000000
88216.02,4806.159,00000000
88216.03,5230.479,00000000
88216.04,5140.727,00000000
88216.05,5052.648,00000000
88216.06,5110.347,00000000
88216.07,4666.536,00000000
88216.08,4836.41,00000000
88216.09,4962.656,00000000
88216.1,4797.281,00000000
88216.11,4901.911,00000000
88216.12,4914.437,00000000
88216.13,5033.079,00000000
88216.14,5069.793,00000000
88216.15,4713.735,00000000
88216.16,4782.503,00000000
88216.17,4858.969,00000000
88216.18,5057.083,00000000
88216.19,5069.235,00000000
88216.2,4758.541,00000000
88216.21,4874.278,00000000
88216.22,4806.339,00000000
88216.23,4996.427,00000000
88216.24,4979.029,00000000
88216.25,5218.354,00000000
88216.26,5114.593,00000000
88216.27,5024.59,00000000
88216.28,4811.042,00000000
88216.29,4974.839,00000000
88216.3,5124.306,00000000
88216.31,5024.819,00000000
88216.32,5108.355,00000000
88216.33,5164.617,00000000
88216.34,4980.793,00000000
88216.35,4942.664,00000000
88216.36,4974.328,00000000
88216.37,4964.111,00000000
88216.38,4931.861,00000000
88216.39,4802.864,00000000
88216.4,5057.482,00000000
88216.41,5104.093,00000000
88216.42,5066.871,00000000
88216.43,5131.828,00000000
88216.44,4944.311,00000000
88216.45,4885.037,00000000
88216.46,4958.34,00000000
88216.47,5282.686,00000000
88216.48,4998.302,00000000
88216.49,5063.118,00000000
88216.5,5004.222,00000000
88216.51,4989.186,00000000
88216.52,4917.831,00000000
88216.53,5238.486,00000000
88216.54,4646.135,00000000
88216.55,5046.415,00000000
88216.56,4862.828,00000000
88216.57,5022.742,00000000
88216.58,4944.173,00000000
88216.59,5083.216,00000000
88216.6,4971.661,00000000
88216.61,5125.638,00000000
88216.62,5078.978,00000000
88216.63,4752.214,00000000
88216.64,5110.292,00000000
88216.65,4902.157,00000000
88216.66,5131.599,00000000
88216.67,5062.94,00000000
88216.68,5246.136,00000000
88216.69,4933.819,00000000
88216.7,5191.669,00000000
88216.71,4969.581,00000000
88216.72,5268.73,00000000
88216.73,5012.827,00000000
88216.74,5094.854,00000000
88216.75,5026.563,00000000
88216.76,4808.311,00000000
88216.77,5401.784,00000000
88216.78,4964.649,00000000
88216.79,4920.512,00000000
88216.8,5184.294,00000000
88216.81,5014.747,00000000
88216.82,4938.993,00000000
88216.83,4845.601,00000000
88216.84,5242.862,00000000
88216.85,5398.588,00000000
88216.86,5014.198,00000000
88216.87,5038.194,00000000
88216.88,4982.054,00000000
88216.89,5081.796,00000000
88216.9,5194.867,00000000
88216.91,4907.447,00000000
88216.92,5108.309,00000000
88216.93,4747.835,00000000
88216.94,4855.206,00000000
88216.95,5248.023,00000000
88216.96,4841.157,00000000
88216.97,5013.304,00000000
88216.98,5015.564,00000000
88216.99,5161.783,00000000
88217.0,4975.886,00000000
88217.01,5112.249,00000000
88217.02,5139.233,00000000
88217.03,5248.669,00000000
88217.04,4995.445,00000000
88217.05,5012.272,00000000
88217.06,5096.113,00000000
88217.07,5228.519,00000000
88217.08,5222.934,00000000
88217.09,5003.551,00000000
88217.1,5070.141,00000000
88217.11,4919.174,00000000
88217.12,5221.889,00000000
88217.13,5363.515,00000000
88217.14,5069.747,00000000
88217.15,4942.867,00000000
88217.16,5130.102,00000000
88217.17,5171.255,00000000
88217.18,4710.33,00000000
88217.19,5116.92,00000000
88217.2,4637.39,00000000
88217.21,5268.61,00000000
88217.22,4866.675,00000000
88217.23,5046.128,00000000
88217.24,5040.297,00000000
88217.25,5111.795,00000000
88217.26,5218.085,00000000
88217.27,5446.701,00000000
88217.28,5066.97,00000000
88217.29,4959.861,00000000
88217.3,5040.048,00000000
88217.31,5076.443,00000000
88217.32,4924.604,00000000
88217.33,4792.987,00000000
88217.34,4902.79,00000000
88217.35,4944.911,00000000
88217.36,5003.675,00000000
88217.37,5003.341,00000000
88217.38,4949.863,00000000
88217.39,4914.219,00000000
88217.4,4736.915,00000000
88217.41,5151.491,00000000
88217.42,4832.642,00000000
88217.43,5046.965,00000000
88217.44,5001.625,00000000
88217.45,5009.053,00000000
88217.46,5072.821,00000000
88217.47,4843.29,00000000
88217.48,5122.639,00000000
88217.49,4994.51,00000000
88217.5,5011.73,00000000
88217.51,5133.854,00000000
88217.52,4916.556,00000000
88217.53,5329.972,00000000
88217.54,4838.222,00000000
88217.55,5012.321,00000000
88217.56,4951.245,00000000
88217.57,5236.748,00000000
88217.58,4739.637,00000000
88217.59,5018.901,00000000
88217.6,5040.908,00000000
88217.61,4751.56,00000000
88217.62,4920.322,00000000
88217.63,4966.968,00000000
88217.64,5044.167,00000000
88217.65,5050.121,00000000
88217.66,4875.171,00000000
88217.67,5032.427,00000000
88217.68,5263.024,00000000
88217.69,4902.733,00000000
88217.7,5060.397,00000000
88217.71,5139.801,00000000
88217.72,4727.048,00000000
88217.73,5046.731,00000000
88217.74,4970.175,00000000
88217.75,5052.875,00000000
88217.76,4898.515,00000000
88217.77,5170.953,00000000
88217.78,5119.826,00000000
88217.79,5003.165,00000000
88217.8,5053.468,00000000
88217.81,4976.784,00000000
88217.82,4771.982,00000000
88217.83,4960.272,00000000
88217.84,5133.975,00000000
88217.85,4955.912,00000000
88217.86,5006.116,00000000
88217.87,5225.384,00000000
88217.88,4882.605,00000000
88217.89,4957.624,00000000
88217.9,5075.995,00000000
88217.91,4574.477,00000000
88217.92,5104.611,00000000
88217.93,4812.857,00000000
88217.94,4968.237,00000000
88217.95,5015.072,00000000
88217.96,4975.188,00000000
88217.97,5085.031,00000000
88217.98,4809.63,00000000
88217.99,5011.948,00000000
88218.0,5095.185,00000000
88218.01,4782.273,00000000
88218.02,4790.367,00000000
88218.03,5094.255,00000000
88218.04,5274.422,00000000
88218.05,4876.99,00000000
88218.06,4803.42,00000000
88218.07,5030.214,00000000
88218.08,5191.237,00000000
88218.09,4924.869,00000000
88218.1,5029.115,00000000
88218.11,5083.769,00000000
88218.12,4907.057,00000000
88218.13,5010.13,00000000
88218.14,4773.36,00000000
88218.15,4954.067,00000000
88218.16,5207.17,00000000
88218.17,5414.682,00000000
88218.18,4928.62,00000000
88218.19,4718.076,00000000
88218.2,5199.239,00000000
88218.21,4796.504,00000000
88218.22,4645.753,00000000
88218.23,5199.19,00000000
88218.24,5338.264,00000000
88218.25,4974.701,00000000
88218.26,5060.819,00000000
88218.27,5015.632,00000000
88218.28,5185.026,00000000
88218.29,5216.858,00000000
88218.3,5162.142,00000000
88218.31,4928.433,00000000
88218.32,4963.554,00000000
88218.33,4892.343,00000000
88218.34,4872.208,00000000
88218.35,4936.577,00000000
88218.36,5050.408,00000000
88218.37,4866.142,00000000
88218.38,5102.108,00000000
88218.39,4918.277,00000000
88218.4,4870.775,00000000
88218.41,5042.076,00000000
88218.42,5099.887,00000000
88218.43,5084.666,00000000
88218.44,4890.21,00000000
88218.45,5068.898,00000000
88218.46,5159.687,00000000
88218.47,4635.622,00000000
88218.48,5207.948,00000000
88218.49,4752.288,00000000
88218.5,5111.054,00000000
88218.51,4876.675,00000000
88218.52,4991.705,00000000
88218.53,5181.32,00000000
88218.54,5051.984,00000000
88218.55,5071.046,00000000
88218.56,5117.73,00000000
88218.57,5228.404,00000000
88218.58,4921.567,00000000
88218.59,5102.775,00000000
88218.6,4805.919,00000000
88218.61,4969.501,00000000
88218.62,4796.357,00000000
88218.63,5123.863,00000000
88218.64,4726.425,00000000
88218.65,4822.006,00000000
88218.66,5112.757,00000000
88218.67,4835.239,00000000
88218.68,5050.818,00000000
88218.69,4932.232,00000000
88218.7,4875.244,00000000
88218.71,4774.623,00000000
88218.72,5151.256,00000000
88218.73,4794.269,00000000
88218.74,4928.311,00000000
88218.75,4932.952,00000000
88218.76,4955.621,00000000
88218.77,5173.456,00000000
88218.78,5354.409,00000000
88218.79,5401.846,00000000
88218.8,4904.241,00000000
88218.81,5070.41,00000000
88218.82,5177.93,00000000
88218.83,5243.378,00000000
88218.84,5229.855,00000000
88218.85,4838.203,00000000
88218.86,4946.415,00000000
88218.87,4993.232,00000000
88218.88,5231.869,00000000
88218.89,4821.969,00000000
88218.9,5002.443,00000000
88218.91,4931.119,00000000
88218.92,4949.102,00000000
88218.93,5101.399,00000000
88218.94,5039.66,00000000
88218.95,4912.198,00000000
88218.96,4979.979,00000000
88218.97,4826.815,00000000
88218.98,5230.897,00000000
88218.99,5138.911,00000000
88219.0,5074.123,00000000
88219.01,5093.307,00000000
88219.02,5005.394,00000000
88219.03,5178.834,00000000
88219.04,4941.296,00000000
88219.05,5077.218,00000000
88219.06,5139.969,00000000
88219.07,5050.783,00000000
88219.08,4725.845,00000000
88219.09,5057.662,00000000
88219.1,4773.783,00000000
88219.11,4852.542,00000000
88219.12,5023.044,00000000
88219.13,4908.23,00000000
88219.14,4850.361,00000000
88219.15,5259.828,00000000
88219.16,5182.749,00000000
88219.17,5136.238,00000000
88219.18,4904.035,00000000
88219.19,4862.364,00000000
88219.2,4917.296,00000000
88219.21,5140.552,00000000
88219.22,5067.291,00000000
88219.23,5120.901,00000000
88219.24,4920.35,00000000
88219.25,5081.21,00000000
88219.26,4795.33,00000000
88219.27,4809.64,00000000
88219.28,5012.398,00000000
88219.29,5033.149,00000000
88219.3,5093.413,00000000
88219.31,5069.551,00000000
88219.32,4739.011,00000000
88219.33,4972.727,00000000
88219.34,5146.768,00000000
88219.35,5108.761,00000000
88219.36,5269.95,00000000
88219.37,4901.586,00000000
88219.38,4843.257,00000000
88219.39,4733.794,00000000
88219.4,5114.867,00000000
88219.41,4849.696,00000000
88219.42,5161.421,00000000
88219.43,5120.424,00000000
88219.44,5066.838,00000000
88219.45,4792.219,00000000
88219.46,4821.883,00000000
88219.47,4934.99,00000000
88219.48,5130.399,00000000
88219.49,4973.864,00000000
88219.5,5045.128,00000000
88219.51,4975.249,00000000
88219.52,5081.252,00000000
88219.53,4932.799,00000000
88219.54,4714.495,00000000
88219.55,5068.47,00000000
88219.56,5001.121,00000000
88219.57,4655.662,00000000
88219.58,4973.293,00000000
88219.59,4893.066,00000000
88219.6,5023.416,00000000
88219.61,4858.556,00000000
88219.62,5030.803,00000000
88219.63,5210.455,00000000
88219.64,4956.666,00000000
88219.65,4975.726,00000000
88219.66,4880.42,00000000
88219.67,5068.691,00000000
88219.68,4992.732,00000000
88219.69,4786.012,00000000
88219.7,4946.246,00000000
88219.71,4982.017,00000000
88219.72,4988.039,00000000
88219.73,4901.53,00000000
88219.74,4773.619,00000000
88219.75,4979.281,00000000
88219.76,4917.161,00000000
88219.77,4836.697,00000000
88219.78,5128.468,00000000
88219.79,5022.673,00000000
88219.8,4613.176,00000000
88219.81,5135.074,00000000
88219.82,4931.809,00000000
88219.83,5270.595,00000000
88219.84,5179.559,00000000
88219.85,4868.722,00000000
88219.86,4906.091,00000000
88219.87,4959.858,00000000
88219.88,4857.753,00000000
88219.89,5104.639,00000000
88219.9,5303.289,00000000
88219.91,5020.643,00000000
88219.92,5361.626,00000000
88219.93,5077.004,00000000
88219.94,5021.721,00000000
88219.95,4943.629,00000000
88219.96,5040.508,00000000
88219.97,5118.668,00000000
88219.98,5065.949,00000000
88219.99,4894.794,00000000
88220.0,4977.093,00000000
88220.01,5186.611,00000000
88220.02,5137.927,00000000
88220.03,5088.009,00000000
88220.04,4932.461,00000000
88220.05,4786.083,00000000
88220.06,5260.276,00000000
88220.07,4943.771,00000000
88220.08,5178.086,00000000
88220.09,4889.564,00000000
88220.1,5115.673,00000000
88220.11,4996.011,00000000
88220.12,5034.349,00000000
88220.13,4918.927,00000000
88220.14,5246.033,00000000
88220.15,5241.985,00000000
88220.16,5057.189,00000000
88220.17,4949.252,00000000
88220.18,5080.882,00000000
88220.19,5163.334,00000000
88220.2,4809.51,00000000
88220.21,4947.779,00000000
88220.22,4745.606,00000000
88220.23,4906.681,00000000
88220.24,5058.72,00000000
88220.25,5131.543,00000000
88220.26,4871.488,00000000
88220.27,5157.627,00000000
88220.28,5036.418,00000000
88220.29,5215.471,00000000
88220.3,5043.899,00000000
88220.31,5070.001,00000000
88220.32,5014.777,00000000
88220.33,4811.741,00000000
88220.34,4985.088,00000000
88220.35,4966.065,00000000
88220.36,5100.883,00000000
88220.37,5072.188,00000000
88220.38,5038.612,00000000
88220.39,5019.51,00000000
88220.4,5002.517,00000000
88220.41,4963.899,00000000
88220.42,4975.134,00000000
88220.43,4932.299,00000000
88220.44,4897.956,00000000
88220.45,5110.739,00000000
88220.46,5271.662,00000000
88220.47,4985.988,00000000
88220.48,5032.597,00000000
88220.49,4824.822,00000000
88220.5,4932.371,00000000
88220.51,5130.589,00000000
88220.52,5333.901,00000000
88220.53,5043.079,00000000
88220.54,5190.807,00000000
88220.55,4916.119,00000000
88220.56,5021.99,00000000
88220.57,5094.614,00000000
88220.58,5129.507,00000000
88220.59,5068.312,00000000
88220.6,5142.962,00000000
88220.61,5092.8,00000000
88220.62,5099.271,00000000
88220.63,5176.236,00000000
88220.64,5028.084,00000000
88220.65,4797.539,00000000
88220.66,5145.255,00000000
88220.67,5070.053,00000000
88220.68,4854.56,00000000
88220.69,5124.166,00000000
88220.7,4951.123,00000000
88220.71,5156.067,00000000
88220.72,5208.197,00000000
88220.73,4865.957,00000000
88220.74,5045.113,00000000
88220.75,5248.551,00000000
88220.76,4971.257,00000000
88220.77,5072.499,00000000
88220.78,5030.351,00000000
88220.79,5062.083,00000000
88220.8,4852.013,00000000
88220.81,4873.335,00000000
88220.82,5193.757,00000000
88220.83,5041.691,00000000
88220.84,5155.091,00000000
88220.85,5016.962,00000000
88220.86,4917.071,00000000
88220.87,5005.802,00000000
88220.88,5161.382,00000000
88220.89,4871.446,00000000
88220.9,4918.177,00000000
88220.91,4738.741,00000000
88220.92,4942.945,00000000
88220.93,5168.131,00000000
88220.94,4666.105,00000000
88220.95,4813.482,00000000
88220.96,5115.805,00000000
88220.97,4997.431,00000000
88220.98,4909.047,00000000
88220.99,4836.731,00000000
88221.0,5047.493,00000000
88221.01,4952.014,00000000
88221.02,5269.541,00000000
88221.03,5153.652,00000000
88221.04,4962.174,00000000
88221.05,4954.45,00000000
88221.06,4940.392,00000000
88221.07,4933.175,00000000
88221.08,5183.465,00000000
88221.09,4846.468,00000000
88221.1,4943.841,00000000
88221.11,5064.893,00000000
88221.12,4970.388,00000000
88221.13,4974.562,00000000
88221.14,4968.066,00000000
88221.15,4919.345,00000000
88221.16,5177.71,00000000
88221.17,4910.817,00000000
88221.18,5186.477,00000000
88221.19,4972.616,00000000
88221.2,4930.102,00000000
88221.21,4915.521,00000000
88221.22,5053.504,00000000
88221.23,4960.559,00000000
88221.24,5087.248,00000000
88221.25,5132.044,00000000
88221.26,4763.39,00000000
88221.27,4990.098,00000000
88221.28,4891.55,00000000
88221.29,5270.646,00000000
88221.3,5136.063,00000000
88221.31,4940.861,00000000
88221.32,4938.208,00000000
88221.33,4953.65,00000000
88221.34,5189.734,00000000
88221.35,5223.899,00000000
88221.36,4875.546,00000000
88221.37,5241.673,00000000
88221.38,4859.941,00000000
88221.39,5389.22,00000000
88221.4,5003.641,00000000
88221.41,4874.43,00000000
88221.42,4813.63,00000000
88221.43,4594.09,00000000
88221.44,5157.573,00000000
88221.45,5137.445,00000000
88221.46,4929.214,00000000
88221.47,4967.165,00000000
88221.48,5213.83,00000000
88221.49,4710.588,00000000
88221.5,4995.955,00000000
88221.51,5166.75,00000000
88221.52,4907.542,00000000
88221.53,4957.405,00000000
88221.54,5123.657,00000000
88221.55,4825.677,00000000
88221.56,4852.837,00000000
88221.57,5045.415,00000000
88221.58,5222.44,00000000
88221.59,4935.092,00000000
88221.6,4820.17,00000000
88221.61,5137.815,00000000
88221.62,4910.356,00000000
88221.63,5209.771,00000000
88221.64,4800.42,00000000
88221.65,5018.352,00000000
88221.66,4833.647,00000000
88221.67,4725.031,00000000
88221.68,5027.262,00000000
88221.69,5171.829,00000000
88221.7,5142.69,00000000
88221.71,4816.57,00000000
88221.72,5292.955,00000000
88221.73,5241.39,00000000
88221.74,4862.404,00000000
88221.75,5283.162,00000000
88221.76,5020.593,00000000
88221.77,4836.473,00000000
88221.78,4851.272,00000000
88221.79,4907.217,00000000
88221.8,4718.614,00000000
88221.81,5048.514,00000000
88221.82,5154.004,00000000
88221.83,4918.401,00000000
88221.84,4874.918,00000000
88221.85,4971.261,00000000
88221.86,4663.572,00000000
88221.87,4876.771,00000000
88221.88,5178.632,00000000
88221.89,5185.469,00000000
88221.9,5148.21,00000000
88221.91,4998.932,00000000
88221.92,4867.829,00000000
88221.93,4909.485,00000000
88221.94,4983.994,00000000
88221.95,5127.677,00000000
88221.96,4986.753,00000000
88221.97,5278.755,00000000
88221.98,5203.388,00000000
88221.99,4865.957,00000000
88222.0,4985.792,00000000
88222.01,4856.011,00000000
88222.02,5010.224,00000000
88222.03,5066.9,00000000
88222.04,5234.297,00000000
88222.05,4964.886,00000000
88222.06,5041.603,00000000
88222.07,4870.394,00000000
88222.08,5082.373,00000000
88222.09,4952.705,00000000
88222.1,4768.499,00000000
88222.11,5172.524,00000000
88222.12,5319.174,00000000
88222.13,4999.368,00000000
88222.14,5243.265,00000000
88222.15,4995.753,00000000
88222.16,4837.979,00000000
88222.17,4799.896,00000000
88222.18,5065.659,00000000
88222.19,4788.021,00000000
88222.2,4854.135,00000000
88222.21,4858.784,00000000
88222.22,4985.634,00000000
88222.23,4853.126,00000000
88222.24,5161.811,00000000
88222.25,4972.769,00000000
88222.26,4932.843,00000000
88222.27,5156.183,00000000
88222.28,4973.959,00000000
88222.29,5146.578,00000000
88222.3,5077.416,00000000
88222.31,5157.913,00000000
88222.32,5014.251,00000000
88222.33,4941.761,00000000
88222.34,4963.542,00000000
88222.35,4991.131,00000000
88222.36,4995.628,00000000
88222.37,5000.822,00000000
88222.38,4820.577,00000000
88222.39,5207.054,00000000
88222.4,5176.094,00000000
88222.41,4994.72,00000000
88222.42,5023.484,00000000
88222.43,4958.657,00000000
88222.44,5098.655,00000000
88222.45,4857.637,00000000
88222.46,4653.642,00000000
88222.47,4842.165,00000000
88222.48,5284.856,00000000
88222.49,5085.543,00000000
88222.5,5084.557,00000000
88222.51,5123.079,00000000
88222.52,5084.21,00000000
88222.53,5054.71,00000000
88222.54,5307.357,00000000
88222.55,4966.579,00000000
88222.56,5368.152,00000000
88222.57,4880.5,00000000
88222.58,4755.091,00000000
88222.59,4915.242,00000000
88222.6,4954.485,00000000
88222.61,5265.975,00000000
88222.62,5085.784,00000000
88222.63,5285.181,00000000
88222.64,5145.776,00000000
88222.65,5171.668,00000000
88222.66,5237.978,00000000
88222.67,4903.2,00000000
88222.68,4951.457,00000000
88222.69,5036.261,00000000
88222.7,4762.723,00000000
88222.71,5289.306,00000000
88222.72,5292.702,00000000
88222.73,4999.819,00000000
88222.74,4978.01,00000000
88222.75,5118.658,00000000
88222.76,4824.296,00000000
88222.77,4985.99,00000000
88222.78,4946.182,00000000
88222.79,5009.76,00000000
88222.8,5095.244,00000000
88222.81,4927.435,00000000
88222.82,4892.458,00000000
88222.83,5172.957,00000000
88222.84,4922.275,00000000
88222.85,5173.656,00000000
88222.86,4949.97,00000000
88222.87,4954.238,00000000
88222.88,4981.259,00000000
88222.89,5097.315,00000000
88222.9,5143.298,00000000
88222.91,5119.897,00000000
88222.92,5089.592,00000000
88222.93,4820.044,00000000
88222.94,4895.527,00000000
88222.95,4984.66,00000000
88222.96,4885.564,00000000
88222.97,4840.662,00000000
88222.98,5044.883,00000000
88222.99,5212.449,00000000
88223.0,5044.747,00000000
88223.01,4781.851,00000000
88223.02,4998.675,00000000
88223.03,4838.202,00000000
88223.04,5195.453,00000000
88223.05,5073.38,00000000
88223.06,5073.669,00000000
88223.07,5009.747,00000000
88223.08,4978.833,00000000
88223.09,5067.14,00000000
88223.1,5182.135,00000000
88223.11,5087.58,00000000
88223.12,5120.901,00000000
88223.13,4714.316,00000000
88223.14,4906.354,00000000
88223.15,4775.425,00000000
88223.16,5065.444,00000000
88223.17,4933.314,00000000
88223.18,4987.655,00000000
88223.19,4748.116,00000000
88223.2,5088.645,00000000
88223.21,4912.11,00000000
88223.22,4993.977,00000000
88223.23,4912.617,00000000
88223.24,4913.327,00000000
88223.25,4774.453,00000000
88223.26,5055.929,00000000
88223.27,5053.445,00000000
88223.28,4787.913,00000000
88223.29,5156.728,00000000
88223.3,4822.854,00000000
88223.31,4928.313,00000000
88223.32,5049.249,00000000
88223.33,5248.298,00000000
88223.34,4930.598,00000000
88223.35,5240.915,00000000
88223.36,4917.112,00000000
88223.37,5058.559,00000000
88223.38,5051.219,00000000
88223.39,5021.106,00000000
88223.4,4861.216,00000000
88223.41,4901.855,00000000
88223.42,5064.34,00000000
88223.43,5220.868,00000000
88223.44,5075.434,00000000
88223.45,5077.41,00000000
88223.46,5064.589,00000000
88223.47,4910.764,00000000
88223.48,5115.726,00000000
88223.49,4854.535,00000000
88223.5,5129.702,00000000
88223.51,5010.12,00000000
88223.52,5066.645,00000000
88223.53,5082.334,00000000
88223.54,5160.234,00000000
88223.55,4771.958,00000000
88223.56,4878.794,00000000
88223.57,5132.268,00000000
88223.58,5098.003,00000000
88223.59,4712.176,00000000
88223.6,4889.0,00000000
88223.61,4969.707,00000000
88223.62,4759.638,00000000
88223.63,4974.646,00000000
88223.64,5017.769,00000000
88223.65,5102.075,00000000
88223.66,5117.365,00000000
88223.67,4794.626,00000000
88223.68,5144.452,00000000
88223.69,4875.632,00000000
88223.7,5123.82,00000000
88223.71,5075.028,00000000
88223.72,5125.04,00000000
88223.73,5044.765,00000000
88223.74,4934.694,00000000
88223.75,5205.632,00000000
88223.76,4786.723,00000000
88223.77,4917.854,00000000
88223.78,5064.998,00000000
88223.79,4890.344,00000000
88223.8,5038.361,00000000
88223.81,5107.742,00000000
88223.82,5013.733,00000000
88223.83,4964.296,00000000
88223.84,5095.201,00000000
88223.85,5106.208,00000000
88223.86,5096.65,00000000
88223.87,5127.798,00000000
88223.88,4704.406,00000000
88223.89,4998.468,00000000
88223.9,5110.308,00000000
88223.91,5096.498,00000000
88223.92,5300.916,00000000
88223.93,4852.626,00000000
88223.94,5223.767,00000000
88223.95,4989.089,00000000
88223.96,5030.294,00000000
88223.97,4931.541,00000000
88223.98,4884.775,00000000
88223.99,5019.398,00000000
88224.0,5339.548,00000000
88224.01,4996.994,00000000
88224.02,5143.576,00000000
88224.03,5106.512,00000000
88224.04,4911.161,00000000
88224.05,5040.721,00000000
88224.06,4893.607,00000000
88224.07,5058.521,00000000
88224.08,4853.037,00000000
88224.09,4992.636,00000000
88224.1,4837.93,00000000
88224.11,4897.577,00000000
88224.12,4963.854,00000000
88224.13,5092.93,00000000
88224.14,4921.95,00000000
88224.15,4961.74,00000000
88224.16,4904.189,00000000
88224.17,4958.2,00000000
88224.18,4891.758,00000000
88224.19,4883.662,00000000
88224.2,4929.787,00000000
88224.21,4955.921,00000000
88224.22,5050.818,00000000
88224.23,5006.584,00000000
88224.24,4946.341,00000000
88224.25,4964.88,00000000
88224.26,4974.336,00000000
88224.27,5144.448,00000000
88224.28,4787.549,00000000
88224.29,5076.479,00000000
88224.3,5294.796,00000000
88224.31,5188.084,00000000
88224.32,5009.349,00000000
88224.33,5033.167,00000000
88224.34,4996.727,00000000
88224.35,5111.908,00000000
88224.36,4990.424,00000000
88224.37,5215.805,00000000
88224.38,4695.022,00000000
88224.39,5218.902,00000000
88224.4,5166.644,00000000
88224.41,5271.18,00000000
88224.42,4988.917,00000000
88224.43,4966.225,00000000
88224.44,5140.776,00000000
88224.45,4896.909,00000000
88224.46,5030.892,00000000
88224.47,4951.165,00000000
88224.48,5024.435,00000000
88224.49,4906.791,00000000
88224.5,5165.875,00000000
88224.51,5164.577,00000000
88224.52,4946.379,00000000
88224.53,4908.535,00000000
88224.54,4932.69,00000000
88224.55,4693.296,00000000
88224.56,4964.416,00000000
88224.57,5014.914,00000000
88224.58,4656.723,00000000
88224.59,4973.088,00000000
88224.6,4877.382,00000000
88224.61,5102.185,00000000
88224.62,5045.546,00000000
88224.63,4999.759,00000000
88224.64,4909.323,00000000
88224.65,4891.577,00000000
88224.66,5137.471,00000000
88224.67,4868.604,00000000
88224.68,4537.432,00000000
88224.69,4842.329,00000000
88224.7,5035.96,00000000
88224.71,5032.916,00000000
88224.72,5111.996,00000000
88224.73,5044.585,00000000
88224.74,4990.464,00000000
88224.75,5035.168,00000000
88224.76,5147.067,00000000
88224.77,5057.229,00000000
88224.78,4842.478,00000000
88224.79,4928.765,00000000
88224.8,5098.884,00000000
88224.81,4790.466,00000000
88224.82,4913.89,00000000
88224.83,4778.116,00000000
88224.84,4832.551,00000000
88224.85,5344.774,00000000
88224.86,4998.509,00000000
88224.87,5046.735,00000000
88224.88,4910.901,00000000
88224.89,5093.329,00000000
88224.9,5153.107,00000000
88224.91,5106.499,00000000
88224.92,4938.148,00000000
88224.93,4769.387,00000000
88224.94,4982.199,00000000
88224.95,5045.434,00000000
88224.96,5028.798,00000000
88224.97,5146.016,00000000
88224.98,5202.764,00000000
88224.99,5241.281,00000000
88225.0,5114.34,00000000
88225.01,5086.415,00000000
88225.02,4856.125,00000000
88225.03,5212.626,00000000
88225.04,5049.702,00000000
88225.05,5032.821,00000000
88225.06,5040.105,00000000
88225.07,5086.55,00000000
88225.08,5017.046,00000000
88225.09,4823.31,00000000
88225.1,5360.866,00000000
88225.11,5049.284,00000000
88225.12,4956.071,00000000
88225.13,5140.774,00000000
88225.14,5237.199,00000000
88225.15,5032.821,00000000
88225.16,4851.292,00000000
88225.17,5228.446,00000000
88225.18,5186.743,00000000
88225.19,5050.791,00000000
88225.2,5034.415,00000000
88225.21,4977.333,00000000
88225.22,4834.914,00000000
88225.23,4739.962,00000000
88225.24,5215.402,00000000
88225.25,4778.147,00000000
88225.26,4809.755,00000000
88225.27,5158.753,00000000
88225.28,5035.901,00000000
88225.29,5197.612,00000000
88225.3,5080.252,00000000
88225.31,4987.077,00000000
88225.32,4931.006,00000000
88225.33,4978.218,00000000
88225.34,5107.67,00000000
88225.35,4959.07,00000000
88225.36,4904.907,00000000
88225.37,5117.835,00000000
88225.38,4814.206,00000000
88225.39,4895.444,00000000
88225.4,5061.028,00000000
88225.41,5085.821,00000000
88225.42,5161.474,00000000
88225.43,4720.903,00000000
88225.44,4748.835,00000000
88225.45,4869.592,00000000
88225.46,4909.312,00000000
88225.47,4975.788,00000000
88225.48,5088.399,00000000
88225.49,4779.167,00000000
88225.5,5035.544,00000000
88225.51,5022.912,00000000
88225.52,5012.749,00000000
88225.53,5161.076,00000000
88225.54,5042.667,00000000
88225.55,4964.602,00000000
88225.56,5217.535,00000000
88225.57,5087.636,00000000
88225.58,4993.925,00000000
88225.59,5209.341,00000000
88225.6,4888.423,00000000
88225.61,4935.814,00000000
88225.62,4933.759,00000000
88225.63,4950.25,00000000
88225.64,4718.055,00000000
88225.65,4888.517,00000000
88225.66,5012.877,00000000
88225.67,5101.873,00000000
88225.68,4862.06,00000000
88225.69,5155.661,00000000
88225.7,5070.66,00000000
88225.71,5034.281,00000000
88225.72,4986.302,00000000
88225.73,4843.251,00000000
88225.74,4534.878,00000000
88225.75,5007.612,00000000
88225.76,5265.895,00000000
88225.77,5011.157,00000000
88225.78,5144.464,00000000
88225.79,5014.805,00000000
88225.8,4840.09,00000000
88225.81,5036.194,00000000
88225.82,5135.015,00000000
88225.83,4894.761,00000000
88225.84,4583.393,00000000
88225.85,4867.677,00000000
88225.86,5242.302,00000000
88225.87,4828.245,00000000
88225.88,5142.288,00000000
88225.89,5064.554,00000000
88225.9,5030.684,00000000
88225.91,5199.729,00000000
88225.92,4916.23,00000000
88225.93,4891.448,00000000
88225.94,4909.764,00000000
88225.95,4764.912,00000000
88225.96,5138.135,00000000
88225.97,5129.499,00000000
88225.98,5026.426,00000000
88225.99,5117.15,00000000
88226.0,5326.785,00000000
88226.01,5004.008,00000000
88226.02,5045.829,00000000
88226.03,5188.926,00000000
88226.04,4750.737,00000000
88226.05,4790.41,00000000
88226.06,5249.903,00000000
88226.07,5118.473,00000000
88226.08,5039.906,00000000
88226.09,4967.323,00000000
88226.1,4851.53,00000000
88226.11,5019.648,00000000
88226.12,4933.918,00000000
88226.13,5387.57,00000000
88226.14,4961.993,00000000
88226.15,5005.455,00000000
88226.16,4868.308,00000000
88226.17,5101.491,00000000
88226.18,5105.585,00000000
88226.19,5095.053,00000000
88226.2,4993.734,00000000
88226.21,4929.403,00000000
88226.22,5058.658,00000000
88226.23,4851.892,00000000
88226.24,4808.458,00000000
88226.25,4958.07,00000000
88226.26,5029.361,00000000
88226.27,4905.901,00000000
88226.28,5071.539,00000000
88226.29,5020.014,00000000
88226.3,5080.513,00000000
88226.31,4756.505,00000000
88226.32,5112.113,00000000
88226.33,4971.674,00000000
88226.34,5002.052,00000000
88226.35,4977.95,00000000
88226.36,5223.822,00000000
88226.37,5203.964,00000000
88226.38,5105.492,00000000
88226.39,5118.326,00000000
88226.4,4772.037,00000000
88226.41,5237.408,00000000
88226.42,5143.663,00000000
88226.43,5025.359,00000000
88226.44,5133.26,00000000
88226.45,5115.711,00000000
88226.46,5055.851,00000000
88226.47,4961.409,00000000
88226.48,4919.667,00000000
88226.49,5113.56,00000000
88226.5,5008.448,00000000
88226.51,4825.183,00000000
88226.52,5091.578,00000000
88226.53,4900.956,00000000
88226.54,5195.079,00000000
88226.55,5059.2,00000000
88226.56,4852.238,00000000
88226.57,5043.798,00000000
88226.58,5146.976,00000000
88226.59,4849.91,00000000
88226.6,4926.22,00000000
88226.61,4986.19,00000000
88226.62,5092.832,00000000
88226.63,4842.414,00000000
88226.64,5017.65,00000000
88226.65,4945.385,00000000
88226.66,5049.911,00000000
88226.67,4913.444,00000000
88226.68,4791.285,00000000
88226.69,5211.94,00000000
88226.7,4721.35,00000000
88226.71,5004.275,00000000
88226.72,4866.522,00000000
88226.73,4923.272,00000000
88226.74,4931.932,00000000
88226.75,5095.091,00000000
88226.76,5123.275,00000000
88226.77,4982.73,00000000
88226.78,4981.61,00000000
88226.79,5006.786,00000000
88226.8,4922.903,00000000
88226.81,5171.007,00000000
88226.82,4985.619,00000000
88226.83,4687.131,00000000
88226.84,4656.181,00000000
88226.85,4953.97,00000000
88226.86,4827.595,00000000
88226.87,4676.624,00000000
88226.88,5036.535,00000000
88226.89,5147.013,00000000
88226.9,4971.53,00000000
88226.91,5340.024,00000000
88226.92,4690.108,00000000
88226.93,5014.922,00000000
88226.94,4930.14,00000000
88226.95,4868.171,00000000
88226.96,4949.797,00000000
88226.97,5059.805,00000000
88226.98,4836.224,00000000
88226.99,4971.836,00000000
88227.0,5164.009,00000000
88227.01,5028.522,00000000
88227.02,5077.679,00000000
88227.03,4966.911,00000000
88227.04,5114.608,00000000
88227.05,4839.611,00000000
88227.06,5059.988,00000000
88227.07,4871.497,00000000
88227.08,4903.015,00000000
88227.09,4767.812,00000000
88227.1,4582.674,00000000
88227.11,5053.149,00000000
88227.12,4713.189,00000000
88227.13,4922.014,00000000
88227.14,5031.169,00000000
88227.15,5025.485,00000000
88227.16,4871.042,00000000
88227.17,5012.566,00000000
88227.18,4823.704,00000000
88227.19,5165.716,00000000
88227.2,4871.52,00000000
88227.21,5063.629,00000000
88227.22,4956.556,00000000
88227.23,4862.743,00000000
88227.24,4935.785,00000000
88227.25,5070.054,00000000
88227.26,5230.005,00000000
88227.27,4901.034,00000000
88227.28,4949.223,00000000
88227.29,5025.139,00000000
88227.3,5148.938,00000000
88227.31,5176.195,00000000
88227.32,4907.583,00000000
88227.33,5217.082,00000000
88227.34,5133.607,00000000
88227.35,4854.122,00000000
88227.36,4954.668,00000000
88227.37,5379.585,00000000
88227.38,4892.072,00000000
88227.39,5094.71,00000000
88227.4,4972.618,00000000
88227.41,4977.616,00000000
88227.42,5037.55,00000000
88227.43,4986.146,00000000
88227.44,5044.015,00000000
88227.45,5021.741,00000000
88227.46,5184.316,00000000
88227.47,5050.831,00000000
88227.48,4996.752,00000000
88227.49,5138.769,00000000
88227.5,5146.901,00000000
88227.51,5051.926,00000000
88227.52,4664.243,00000000
88227.53,4948.156,00000000
88227.54,5092.221,00000000
88227.55,4788.956,00000000
88227.56,5073.407,00000000
88227.57,5059.333,00000000
88227.58,5128.719,00000000
88227.59,5145.3,00000000
88227.6,5107.96,00000000
88227.61,4756.501,00000000
88227.62,4795.124,00000000
88227.63,5021.741,00000000
88227.64,4987.184,00000000
88227.65,5028.664,00000000
88227.66,5047.092,00000000
88227.67,4979.609,00000000
88227.68,4693.44,00000000
88227.69,4749.203,00000000
88227.7,5078.583,00000000
88227.71,4954.095,00000000
88227.72,5020.212,00000000
88227.73,4948.926,00000000
88227.74,4856.833,00000000
88227.75,4906.686,00000000
88227.76,5126.712,00000000
88227.77,5214.124,00000000
88227.78,5104.33,00000000
88227.79,4954.997,00000000
88227.8,5299.65,00000000
88227.81,5066.437,00000000
88227.82,5261.909,00000000
88227.83,5007.43,00000000
88227.84,4770.865,00000000
88227.85,5037.159,00000000
88227.86,5012.533,00000000
88227.87,4909.444,00000000
88227.88,4970.977,00000000
88227.89,4930.149,00000000
88227.9,5051.621,00000000
88227.91,4762.2,00000000
88227.92,5043.224,00000000
88227.93,5008.351,00000000
88227.94,4749.856,00000000
88227.95,4746.799,00000000
88227.96,5227.222,00000000
88227.97,4839.387,00000000
88227.98,5079.569,00000000
88227.99,5300.547,00000000
88228.0,5239.882,00000000
88228.01,4824.163,00000000
88228.02,4894.541,00000000
88228.03,5113.642,00000000
88228.04,5228.85,00000000
88228.05,5191.574,00000000
88228.06,5024.005,00000000
88228.07,4924.079,00000000
88228.08,4748.772,00000000
88228.09,4976.152,00000000
88228.1,5034.185,00000000
88228.11,4802.167,00000000
88228.12,5279.145,00000000
88228.13,4948.96,00000000
88228.14,5119.603,00000000
88228.15,4978.784,00000000
88228.16,4930.451,00000000
88228.17,5281.992,00000000
88228.18,4788.064,00000000
88228.19,5199.982,00000000
88228.2,5099.097,00000000
88228.21,4982.791,00000000
88228.22,5116.389,00000000
88228.23,4860.05,00000000
88228.24,5259.206,00000000
88228.25,5128.44,00000000
88228.26,5176.241,00000000
88228.27,5135.837,00000000
88228.28,4910.162,00000000
88228.29,4851.979,00000000
88228.3,4937.261,00000000
88228.31,4897.338,00000000
88228.32,4811.968,00000000
88228.33,5101.184,00000000
88228.34,5106.928,00000000
88228.35,4946.504,00000000
88228.36,4828.224,00000000
88228.37,4864.422,00000000
88228.38,5105.642,00000000
88228.39,4936.802,00000000
88228.4,5021.887,00000000
88228.41,5289.667,00000000
88228.42,5227.198,00000000
88228.43,4866.574,00000000
88228.44,5201.303,00000000
88228.45,5000.686,00000000
88228.46,5156.177,00000000
88228.47,4990.436,00000000
88228.48,5279.058,00000000
88228.49,5011.794,00000000
88228.5,4743.907,00000000
88228.51,5156.397,00000000
88228.52,5022.844,00000000
88228.53,5080.235,00000000
88228.54,4852.978,00000000
88228.55,5048.501,00000000
88228.56,4929.625,00000000
88228.57,5084.927,00000000
88228.58,4783.29,00000000
88228.59,4875.64,00000000
88228.6,4898.26,00000000
88228.61,5085.93,00000000
88228.62,5002.123,00000000
88228.63,4913.545,00000000
88228.64,4923.502,00000000
88228.65,5245.771,00000000
88228.66,4842.096,00000000
88228.67,4943.299,00000000
88228.68,4762.055,00000000
88228.69,5049.963,00000000
88228.7,4781.111,00000000
88228.71,5092.001,00000000
88228.72,4686.358,00000000
88228.73,4848.063,00000000
88228.74,5177.772,00000000
88228.75,5035.379,00000000
88228.76,5014.961,00000000
88228.77,4974.309,00000000
88228.78,4849.933,00000000
88228.79,4902.422,00000000
88228.8,4791.43,00000000
88228.81,5078.59,00000000
88228.82,5034.289,00000000
88228.83,4940.179,00000000
88228.84,5016.242,00000000
88228.85,4642.244,00000000
88228.86,4827.779,00000000
88228.87,5048.825,00000000
88228.88,4933.448,00000000
88228.89,4928.691,00000000
88228.9,4977.842,00000000
88228.91,4936.073,00000000
88228.92,5081.373,00000000
88228.93,5041.116,00000000
88228.94,5109.185,00000000
88228.95,5011.393,00000000
88228.96,5228.911,00000000
88228.97,4892.122,00000000
88228.98,4808.525,00000000
88228.99,4923.4,00000000
88229.0,5067.742,00000000
88229.01,5136.169,00000000
88229.02,4900.709,00000000
88229.03,4769.804,00000000
88229.04,5007.722,00000000
88229.05,5291.421,00000000
88229.06,4890.594,00000000
88229.07,4968.84,00000000
88229.08,5283.66,00000000
88229.09,4779.808,00000000
88229.1,5069.706,00000000
88229.11,4907.184,00000000
88229.12,4668.991,00000000
88229.13,4817.869,00000000
88229.14,5125.732,00000000
88229.15,4805.125,00000000
88229.16,4785.249,00000000
88229.17,5241.611,00000000
88229.18,5059.856,00000000
88229.19,5070.63,00000000
88229.2,5090.463,00000000
88229.21,4962.453,00000000
88229.22,4919.796,00000000
88229.23,4924.542,00000000
88229.24,5232.661,00000000
88229.25,5158.724,00000000
88229.26,4934.692,00000000
88229.27,5306.18,00000000
88229.28,5057.029,00000000
88229.29,5008.134,00000000
88229.3,5135.747,00000000
88229.31,4838.376,00000000
88229.32,4936.52,00000000
88229.33,5056.177,00000000
88229.34,5075.35,00000000
88229.35,5079.403,00000000
88229.36,5066.293,00000000
88229.37,4862.387,00000000
88229.38,4740.302,00000000
88229.39,4883.993,00000000
88229.4,4974.559,00000000
88229.41,4897.576,00000000
88229.42,5020.56,00000000
88229.43,4962.401,00000000
88229.44,5100.284,00000000
88229.45,5128.704,00000000
88229.46,4672.379,00000000
88229.47,5198.255,00000000
88229.48,5104.972,00000000
88229.49,4790.679,00000000
88229.5,4879.345,00000000
88229.51,4957.139,00000000
88229.52,5010.964,00000000
88229.53,5102.042,00000000
88229.54,5045.992,00000000
88229.55,4919.91,00000000
88229.56,4919.773,00000000
88229.57,4920.096,00000000
88229.58,4969.741,00000000
88229.59,4993.258,00000000
88229.6,4730.636,00000000
88229.61,4731.642,00000000
88229.62,5038.453,00000000
88229.63,4881.032,00000000
88229.64,5010.176,00000000
88229.65,5031.699,00000000
88229.66,5090.947,00000000
88229.67,5143.856,00000000
88229.68,4921.796,00000000
88229.69,5110.041,00000000
88229.7,5064.243,00000000
88229.71,4791.736,00000000
88229.72,4877.164,00000000
88229.73,4862.732,00000000
88229.74,5040.398,00000000
88229.75,4780.156,00000000
88229.76,4943.529,00000000
88229.77,5084.41,00000000
88229.78,4845.868,00000000
88229.79,4933.183,00000000
88229.8,5124.441,00000000
88229.81,4862.434,00000000
88229.82,4872.826,00000000
88229.83,4885.871,00000000
88229.84,4820.7,00000000
88229.85,4963.359,00000000
88229.86,5144.655,00000000
88229.87,5071.411,00000000
88229.88,5199.653,00000000
88229.89,4934.391,00000000
88229.9,5018.445,00000000
88229.91,5001.542,00000000
88229.92,5300.682,00000000
88229.93,5290.692,00000000
88229.94,5161.51,00000000
88229.95,4647.524,00000000
88229.96,5066.142,00000000
88229.97,4991.834,00000000
88229.98,4689.661,00000000
88229.99,5199.251,00000000
88230.0,4839.487,00000000
88230.01,5113.227,00000000
88230.02,4789.624,00000000
88230.03,5126.234,00000000
88230.04,4890.708,00000000
88230.05,4894.553,00000000
88230.06,5171.028,00000000
88230.07,4922.295,00000000
88230.08,4998.395,00000000
88230.09,4942.273,00000000
88230.1,5052.913,00000000
88230.11,4957.073,00000000
88230.12,4924.592,00000000
88230.13,4951.727,00000000
88230.14,4865.426,00000000
88230.15,4876.657,00000000
88230.16,4949.235,00000000
88230.17,5011.427,00000000
88230.18,4943.109,00000000
88230.19,5115.43,00000000
88230.2,5114.388,00000000
88230.21,5009.381,00000000
88230.22,4898.217,00000000
88230.23,4814.395,00000000
88230.24,4880.333,00000000
88230.25,5027.967,00000000
88230.26,4994.692,00000000
88230.27,5007.485,00000000
88230.28,5173.95,00000000
88230.29,5217.04,00000000
88230.3,4707.664,00000000
88230.31,4983.517,00000000
88230.32,5044.448,00000000
88230.33,4872.969,00000000
88230.34,4914.264,00000000
88230.35,5115.944,00000000
88230.36,4921.279,00000000
88230.37,4985.711,00000000
88230.38,4822.385,00000000
88230.39,4986.32,00000000
88230.4,5134.635,00000000
88230.41,5078.568,00000000
88230.42,5098.778,00000000
88230.43,5126.603,00000000
88230.44,4973.151,00000000
88230.45,5087.515,00000000
88230.46,4785.643,00000000
88230.47,5135.004,00000000
88230.48,4901.585,00000000
88230.49,4907.771,00000000
88230.5,5180.145,00000000
88230.51,5002.521,00000000
88230.52,5055.227,00000000
88230.53,5185.01,00000000
88230.54,5323.471,00000000
88230.55,5079.004,00000000
88230.56,5004.472,00000000
88230.57,4982.163,00000000
88230.58,5317.806,00000000
88230.59,5085.719,00000000
88230.6,5077.851,00000000
88230.61,5076.516,00000000
88230.62,4901.086,00000000
88230.63,5123.647,00000000
88230.64,4981.157,00000000
88230.65,5018.898,00000000
88230.66,4820.335,00000000
88230.67,4953.38,00000000
88230.68,4941.962,00000000
88230.69,5106.1,00000000
88230.7,4950.631,00000000
88230.71,4870.603,00000000
88230.72,5053.006,00000000
88230.73,5171.182,00000000
88230.74,4998.825,00000000
88230.75,4924.976,00000000
88230.76,4907.228,00000000
88230.77,5047.744,00000000
88230.78,5087.704,00000000
88230.79,4869.425,00000000
88230.8,4926.977,00000000
88230.81,5127.685,00000000
88230.82,4886.922,00000000
88230.83,4981.085,00000000
88230.84,5071.578,00000000
88230.85,4897.32,00000000
88230.86,5070.874,00000000
88230.87,4942.394,00000000
88230.88,5057.502,00000000
88230.89,4914.576,00000000
88230.9,5047.876,00000000
88230.91,4880.432,00000000
88230.92,5023.586,00000000
88230.93,4993.166,00000000
88230.94,5045.375,00000000
88230.95,5059.876,00000000
88230.96,5069.797,00000000
88230.97,5012.216,00000000
88230.98,5205.801,00000000
88230.99,5025.131,00000000
88231.0,4856.338,00000000
88231.01,5104.383,00000000
88231.02,4848.534,00000000
88231.03,5182.684,00000000
88231.04,5149.978,00000000
88231.05,4677.337,00000000
88231.06,5046.589,00000000
88231.07,5071.229,00000000
88231.08,4906.458,00000000
88231.09,5091.089,00000000
88231.1,5222.663,00000000
88231.11,5194.946,00000000
88231.12,4982.585,00000000
88231.13,5060.844,00000000
88231.14,5070.827,00000000
88231.15,5070.798,00000000
88231.16,5011.285,00000000
88231.17,4986.909,00000000
88231.18,4840.431,00000000
88231.19,5175.053,00000000
88231.2,5196.604,00000000
88231.21,5037.004,00000000
88231.22,4810.247,00000000
88231.23,5201.774,00000000
88231.24,5204.264,00000000
88231.25,4807.253,00000000
88231.26,4956.714,00000000
88231.27,4930.07,00000000
88231.28,5029.302,00000000
88231.29,5101.286,00000000
88231.3,5014.076,00000000
88231.31,4929.884,00000000
88231.32,4928.941,00000000
88231.33,4983.414,00000000
88231.34,5169.867,00000000
88231.35,4914.284,00000000
88231.36,4892.913,00000000
88231.37,4606.327,00000000
88231.38,5127.331,00000000
88231.39,5155.778,00000000
88231.4,4878.418,00000000
88231.41,4866.329,00000000
88231.42,4773.59,00000000
88231.43,4983.164,00000000
88231.44,5076.244,00000000
88231.45,5229.666,00000000
88231.46,4949.181,00000000
88231.47,4794.521,00000000
88231.48,4893.955,00000000
88231.49,5039.642,00000000
88231.5,5180.154,00000000
88231.51,4931.975,00000000
88231.52,4932.03,00000000
88231.53,4792.819,00000000
88231.54,4949.812,00000000
88231.55,4878.76,00000000
88231.56,5017.839,00000000
88231.57,5018.555,00000000
88231.58,5133.92,00000000
88231.59,5118.504,00000000
88231.6,5073.081,00000000
88231.61,5220.115,00000000
88231.62,5139.668,00000000
88231.63,4922.961,00000000
88231.64,4838.413,00000000
88231.65,5139.579,00000000
88231.66,4909.52,00000000
88231.67,4834.971,00000000
88231.68,4917.626,00000000
88231.69,4852.072,00000000
88231.7,4827.555,00000000
88231.71,4868.937,00000000
88231.72,4966.619,00000000
88231.73,5199.8,00000000
88231.74,5015.302,00000000
88231.75,5178.864,00000000
88231.76,5077.645,00000000
88231.77,5250.41,00000000
88231.78,4970.475,00000000
88231.79,5073.754,00000000
88231.8,5081.525,00000000
88231.81,4974.0,00000000
88231.82,5015.756,00000000
88231.83,4962.551,00000000
88231.84,5112.918,00000000
88231.85,5036.29,00000000
88231.86,4929.184,00000000
88231.87,4887.938,00000000
88231.88,5147.083,00000000
88231.89,4970.322,00000000
88231.9,5239.246,00000000
88231.91,5308.909,00000000
88231.92,4924.427,00000000
88231.93,4985.568,00000000
88231.94,5049.641,00000000
88231.95,5079.495,00000000
88231.96,5055.942,00000000
88231.97,4876.687,00000000
88231.98,5021.113,00000000
88231.99,5049.774,00000000
88232.0,4924.905,00000000
88232.01,4928.435,00000000
88232.02,5038.08,00000000
88232.03,5051.33,00000000
88232.04,4574.421,00000000
88232.05,4824.35,00000000
88232.06,5406.083,00000000
88232.07,4903.382,00000000
88232.08,5143.114,00000000
88232.09,4862.586,00000000
88232.1,5186.1,00000000
88232.11,5099.599,00000000
88232.12,4888.265,00000000
88232.13,5151.739,00000000
88232.14,4804.146,00000000
88232.15,4970.694,00000000
88232.16,5229.497,00000000
88232.17,4851.611,00000000
88232.18,5084.793,00000000
88232.19,4714.866,00000000
88232.2,4836.221,00000000
88232.21,5009.229,00000000
88232.22,4936.963,00000000
88232.23,4921.716,00000000
88232.24,4927.518,00000000
88232.25,4962.252,00000000
88232.26,5305.558,00000000
88232.27,4918.329,00000000
88232.28,5182.404,00000000
88232.29,4838.63,00000000
88232.3,5099.037,00000000
88232.31,5014.29,00000000
88232.32,5021.318,00000000
88232.33,5322.249,00000000
88232.34,5240.061,00000000
88232.35,5056.054,00000000
88232.36,5069.815,00000000
88232.37,5227.457,00000000
88232.38,5197.037,00000000
88232.39,5008.781,00000000
88232.4,4933.686,00000000
88232.41,4823.419,00000000
88232.42,5013.939,00000000
88232.43,4871.733,00000000
88232.44,5002.018,00000000
88232.45,5055.586,00000000
88232.46,5157.292,00000000
88232.47,5311.178,00000000
88232.48,4907.36,00000000
88232.49,4949.181,00000000
88232.5,4798.648,00000000
88232.51,4970.906,00000000
88232.52,4784.539,00000000
88232.53,4994.583,00000000
88232.54,5185.898,00000000
88232.55,5038.379,00000000
88232.56,4712.867,00000000
88232.57,4946.655,00000000
88232.58,4904.713,00000000
88232.59,5296.071,00000000
88232.6,5100.934,00000000
88232.61,5011.702,00000000
88232.62,5127.254,00000000
88232.63,5125.682,00000000
88232.64,5006.906,00000000
88232.65,4822.394,00000000
88232.66,4742.974,00000000
88232.67,4694.994,00000000
88232.68,4968.29,00000000
88232.69,5007.572,00000000
88232.7,4943.123,00000000
88232.71,5017.471,00000000
88232.72,5085.15,00000000
88232.73,5187.022,00000000
88232.74,5003.409,00000000
88232.75,4865.056,00000000
88232.76,4864.268,00000000
88232.77,4719.139,00000000
88232.78,5092.074,00000000
88232.79,4816.143,00000000
88232.8,4950.878,00000000
88232.81,5009.679,00000000
88232.82,5109.565,00000000
88232.83,5069.611,00000000
88232.84,4711.16,00000000
88232.85,5139.725,00000000
88232.86,5029.665,00000000
88232.87,5045.965,00000000
88232.88,5005.721,00000000
88232.89,5172.885,00000000
88232.9,4837.1,00000000
88232.91,4787.278,00000000
88232.92,5119.961,00000000
88232.93,4936.043,00000000
88232.94,4863.582,00000000
88232.95,4997.96,00000000
88232.96,5100.471,00000000
88232.97,4788.63,00000000
88232.98,4680.956,00000000
88232.99,5162.271,00000000
88233.0,4901.559,00000000
88233.01,4806.428,00000000
88233.02,4893.469,00000000
88233.03,4988.422,00000000
88233.04,5179.229,00000000
88233.05,4882.372,00000000
88233.06,5042.502,00000000
88233.07,5145.476,00000000
88233.08,4600.947,00000000
88233.09,5096.014,00000000
88233.1,4915.044,00000000
88233.11,5072.651,00000000
88233.12,4908.229,00000000
88233.13,4957.94,00000000
88233.14,4870.231,00000000
88233.15,5091.768,00000000
88233.16,4920.6,00000000
88233.17,5087.094,00000000
88233.18,5124.694,00000000
88233.19,4805.09,00000000
88233.2,4826.067,00000000
88233.21,4888.216,00000000
88233.22,5061.379,00000000
88233.23,5156.167,00000000
88233.24,5192.558,00000000
88233.25,4946.295,00000000
88233.26,4912.116,00000000
88233.27,5000.982,00000000
88233.28,5034.957,00000000
88233.29,4969.349,00000000
88233.3,5120.36,00000000
88233.31,4928.522,00000000
88233.32,4781.626,00000000
88233.33,5191.556,00000000
88233.34,5195.49,00000000
88233.35,4954.231,00000000
88233.36,4791.671,00000000
88233.37,4963.177,00000000
88233.38,5330.913,00000000
88233.39,4929.451,00000000
88233.4,5206.868,00000000
88233.41,4651.186,00000000
88233.42,5292.857,00000000
88233.43,4690.464,00000000
88233.44,5185.33,00000000
88233.45,4967.004,00000000
88233.46,4980.691,00000000
88233.47,4784.505,00000000
88233.48,5055.722,00000000
88233.49,5083.211,00000000
88233.5,4746.188,00000000
88233.51,4926.597,00000000
88233.52,4956.712,00000000
88233.53,5000.399,00000000
88233.54,5089.068,00000000
88233.55,4955.975,00000000
88233.56,4972.275,00000000
88233.57,4888.583,00000000
88233.58,4958.392,00000000
88233.59,5047.614,00000000
88233.6,5196.428,00000000
88233.61,5207.842,00000000
88233.62,4940.963,00000000
88233.63,5145.766,00000000
88233.64,5150.629,00000000
88233.65,4923.08,00000000
88233.66,5010.825,00000000
88233.67,5075.826,00000000
88233.68,5281.396,00000000
88233.69,5110.443,00000000
88233.7,5104.695,00000000
88233.71,4809.165,00000000
88233.72,4950.953,00000000
88233.73,5054.841,00000000
88233.74,4948.573,00000000
88233.75,4883.942,00000000
88233.76,4935.951,00000000
88233.77,4944.526,00000000
88233.78,5103.511,00000000
88233.79,5187.846,00000000
88233.8,4990.647,00000000
88233.81,4901.981,00000000
88233.82,5039.934,00000000
88233.83,5197.609,00000000
88233.84,4909.602,00000000
88233.85,4906.834,00000000
88233.86,4955.874,00000000
88233.87,5061.544,00000000
88233.88,5150.078,00000000
88233.89,5113.815,00000000
88233.9,4817.604,00000000
88233.91,4986.486,00000000
88233.92,5146.619,00000000
88233.93,4948.672,00000000
88233.94,5174.116,00000000
88233.95,5037.806,00000000
88233.96,5195.364,00000000
88233.97,4814.467,00000000
88233.98,4921.866,00000000
88233.99,5119.711,00000000
88234.0,5121.689,00000000
88234.01,5428.455,00000000
88234.02,5058.801,00000000
88234.03,5069.622,00000000
88234.04,4883.088,00000000
88234.05,5132.824,00000000
88234.06,5151.429,00000000
88234.07,5003.859,00000000
88234.08,5034.776,00000000
88234.09,4885.955,00000000
88234.1,5225.504,00000000
88234.11,5010.324,00000000
88234.12,4933.453,00000000
88234.13,5175.996,00000000
88234.14,4896.563,00000000
88234.15,4846.551,00000000
88234.16,4707.406,00000000
88234.17,4853.56,00000000
88234.18,5041.011,00000000
88234.19,5139.479,00000000
88234.2,4946.301,00000000
88234.21,4899.296,00000000
88234.22,4860.878,00000000
88234.23,5218.058,00000000
88234.24,5098.344,00000000
88234.25,5047.213,00000000
88234.26,5040.966,00000000
88234.27,5017.674,00000000
88234.28,4941.483,00000000
88234.29,5161.755,00000000
88234.3,4954.881,00000000
88234.31,4979.511,00000000
88234.32,5081.341,00000000
88234.33,4901.456,00000000
88234.34,5111.046,00000000
88234.35,5061.941,00000000
88234.36,5122.79,00000000
88234.37,4972.46,00000000
88234.38,4995.028,00000000
88234.39,4842.62,00000000
88234.4,4847.66,00000000
88234.41,5013.759,00000000
88234.42,4661.172,00000000
88234.43,5221.361,00000000
88234.44,5111.685,00000000
88234.45,4996.493,00000000
88234.46,5092.961,00000000
88234.47,4941.228,00000000
88234.48,4894.104,00000000
88234.49,4850.902,00000000
88234.5,5060.113,00000000
88234.51,5014.844,00000000
88234.52,4887.243,00000000
88234.53,5116.725,00000000
88234.54,4845.527,00000000
88234.55,5052.217,00000000
88234.56,4934.733,00000000
88234.57,4979.49,00000000
88234.58,5180.867,00000000
88234.59,5005.077,00000000
88234.6,4711.029,00000000
88234.61,4912.947,00000000
88234.62,5243.379,00000000
88234.63,4764.153,00000000
88234.64,5026.672,00000000
88234.65,4797.124,00000000
88234.66,5038.502,00000000
88234.67,4775.019,00000000
88234.68,4890.251,00000000
88234.69,4993.045,00000000
88234.7,4921.49,00000000
88234.71,5140.482,00000000
88234.72,4699.465,00000000
88234.73,5008.375,00000000
88234.74,4897.913,00000000
88234.75,5257.315,00000000
88234.76,5139.494,00000000
88234.77,5142.795,00000000
88234.78,4792.064,00000000
88234.79,4903.252,00000000
88234.8,4874.353,00000000
88234.81,4956.534,00000000
88234.82,4783.521,00000000
88234.83,4772.919,00000000
88234.84,5044.137,00000000
88234.85,5221.572,00000000
88234.86,4774.555,00000000
88234.87,5194.456,00000000
88234.88,4941.132,00000000
88234.89,4999.286,00000000
88234.9,5092.066,00000000
88234.91,4791.257,00000000
88234.92,4891.764,00000000
88234.93,4830.153,00000000
88234.94,5155.795,00000000
88234.95,4869.419,00000000
88234.96,4886.152,00000000
88234.97,4959.58,00000000
88234.98,5100.707,00000000
88234.99,4993.291,00000000
88235.0,4948.115,00000000
88235.01,5118.307,00000000
88235.02,4960.818,00000000
88235.03,5160.892,00000000
88235.04,4755.426,00000000
88235.05,5058.473,00000000
88235.06,5185.364,00000000
88235.07,4952.692,00000000
88235.08,4942.091,00000000
88235.09,4990.249,00000000
88235.1,5059.493,00000000
88235.11,4836.445,00000000
88235.12,5101.245,00000000
88235.13,4989.387,00000000
88235.14,5068.591,00000000
88235.15,4757.813,00000000
88235.16,5274.086,00000000
88235.17,5227.203,00000000
88235.18,4978.33,00000000
88235.19,5280.331,00000000
88235.2,4797.312,00000000
88235.21,4892.666,00000000
88235.22,5063.837,00000000
88235.23,4712.287,00000000
88235.24,4789.723,00000000
88235.25,5010.372,00000000
88235.26,4903.849,00000000
88235.27,4907.717,00000000
88235.28,4894.971,00000000
88235.29,5267.463,00000000
88235.3,4825.06,00000000
88235.31,5101.858,00000000
88235.32,5144.252,00000000
88235.33,5063.676,00000000
88235.34,4946.462,00000000
88235.35,4745.112,00000000
88235.36,5162.384,00000000
88235.37,5061.083,00000000
88235.38,4691.245,00000000
88235.39,4916.58,00000000
88235.4,5151.734,00000000
88235.41,4927.474,00000000
88235.42,4919.943,00000000
88235.43,4559.508,00000000
88235.44,4822.168,00000000
88235.45,4599.928,00000000
88235.46,4981.719,00000000
88235.47,4643.5,00000000
88235.48,4889.842,00000000
88235.49,5034.29,00000000
88235.5,4992.125,00000000
88235.51,5090.505,00000000
88235.52,5197.326,00000000
88235.53,4966.753,00000000
88235.54,4830.365,00000000
88235.55,5053.896,00000000
88235.56,4953.624,00000000
88235.57,5121.629,00000000
88235.58,4845.007,00000000
88235.59,5135.931,00000000
88235.6,5196.51,00000000
88235.61,5115.872,00000000
88235.62,5130.683,00000000
88235.63,5057.705,00000000
88235.64,4963.526,00000000
88235.65,4956.77,00000000
88235.66,5097.905,00000000
88235.67,4922.497,00000000
88235.68,5287.605,00000000
88235.69,5150.993,00000000
88235.7,4896.84,00000000
88235.71,5111.233,00000000
88235.72,4891.845,00000000
88235.73,4899.843,00000000
88235.74,4877.055,00000000
88235.75,4893.709,00000000
88235.76,4991.793,00000000
88235.77,5143.82,00000000
88235.78,5002.818,00000000
88235.79,5160.064,00000000
88235.8,4887.729,00000000
88235.81,4990.294,00000000
88235.82,5097.236,00000000
88235.83,5113.059,00000000
88235.84,5058.841,00000000
88235.85,5072.373,00000000
88235.86,4797.526,00000000
88235.87,5139.113,00000000
88235.88,4803.598,00000000
88235.89,5057.935,00000000
88235.9,5109.282,00000000
88235.91,5061.12,00000000
88235.92,4736.026,00000000
88235.93,4984.877,00000000
88235.94,5130.139,00000000
88235.95,4977.266,00000000
88235.96,5011.526,00000000
88235.97,5215.126,00000000
88235.98,5369.624,00000000
88235.99,5072.457,00000000
88236.0,5073.829,00000000
88236.01,5019.069,00000000
88236.02,5110.317,00000000
88236.03,5062.538,00000000
88236.04,5060.914,00000000
88236.05,4980.593,00000000
88236.06,4905.554,00000000
88236.07,4941.254,00000000
88236.08,4777.139,00000000
88236.09,4948.262,00000000
88236.1,5125.118,00000000
88236.11,5192.933,00000000
88236.12,4831.917,00000000
88236.13,5102.364,00000000
88236.14,5006.231,00000000
88236.15,4787.048,00000000
88236.16,5094.122,00000000
88236.17,5066.13,00000000
88236.18,5194.997,00000000
88236.19,5189.852,00000000
88236.2,5128.264,00000000
88236.21,4780.879,00000000
88236.22,5174.528,00000000
88236.23,4897.863,00000000
88236.24,5017.404,00000000
88236.25,4976.676,00000000
88236.26,5046.284,00000000
88236.27,4963.035,00000000
88236.28,5158.388,00000000
88236.29,5146.168,00000000
88236.3,5114.675,00000000
88236.31,5110.955,00000000
88236.32,4935.115,00000000
88236.33,5116.84,00000000
88236.34,4921.973,00000000
88236.35,4774.477,00000000
88236.36,4816.515,00000000
88236.37,4738.161,00000000
88236.38,4936.825,00000000
88236.39,5198.845,00000000
88236.4,5105.496,00000000
88236.41,5081.346,00000000
88236.42,4916.602,00000000
88236.43,5102.888,00000000
88236.44,4811.408,00000000
88236.45,5168.231,00000000
88236.46,4638.086,00000000
88236.47,4817.801,00000000
88236.48,5071.751,00000000
88236.49,5223.67,00000000
88236.5,4986.131,00000000
88236.51,4976.801,00000000
88236.52,5065.9,00000000
88236.53,4750.766,00000000
88236.54,5245.292,00000000
88236.55,5107.156,00000000
88236.56,5008.593,00000000
88236.57,4959.694,00000000
88236.58,5235.202,00000000
88236.59,4949.064,00000000
88236.6,4970.928,00000000
88236.61,5195.93,00000000
88236.62,4862.176,00000000
88236.63,5164.283,00000000
88236.64,5082.504,00000000
88236.65,4654.518,00000000
88236.66,5074.833,00000000
88236.67,4954.793,00000000
88236.68,4834.965,00000000
88236.69,4885.897,00000000
88236.7,5070.757,00000000
88236.71,5081.627,00000000
88236.72,5410.951,00000000
88236.73,4874.586,00000000
88236.74,4933.485,00000000
88236.75,4856.347,00000000
88236.76,4895.404,00000000
88236.77,5163.391,00000000
88236.78,4710.553,00000000
88236.79,4906.309,00000000
88236.8,5023.842,00000000
88236.81,4916.148,00000000
88236.82,5044.251,00000000
88236.83,5098.568,00000000
88236.84,4810.883,00000000
88236.85,5172.654,00000000
88236.86,5081.979,00000000
88236.87,4916.786,00000000
88236.88,4935.68,00000000
88236.89,5082.578,00000000
88236.9,5065.369,00000000
88236.91,4902.305,00000000
88236.92,4958.688,00000000
88236.93,5060.975,00000000
88236.94,5025.853,00000000
88236.95,4998.034,00000000
88236.96,4723.072,00000000
88236.97,5033.598,00000000
88236.98,4941.361,00000000
88236.99,4972.487,00000000
88237.0,5167.643,00000000
88237.01,5080.076,00000000
88237.02,4797.711,00000000
88237.03,5019.302,00000000
88237.04,4846.739,00000000
88237.05,5156.989,00000000
88237.06,4905.196,00000000
88237.07,4987.041,00000000
88237.08,4881.331,00000000
88237.09,4976.691,00000000
88237.1,4989.725,00000000
88237.11,4819.064,00000000
88237.12,4978.95,00000000
88237.13,5155.727,00000000
88237.14,5035.438,00000000
88237.15,5426.918,00000000
88237.16,5079.642,00000000
88237.17,4901.161,00000000
88237.18,5064.48,00000000
88237.19,4859.054,00000000
88237.2,4811.166,00000000
88237.21,4866.949,00000000
88237.22,5036.139,00000000
88237.23,5153.521,00000000
88237.24,5046.733,00000000
88237.25,4987.016,00000000
88237.26,4988.327,00000000
88237.27,5141.864,00000000
88237.28,4811.588,00000000
88237.29,4971.678,00000000
88237.3,5049.025,00000000
88237.31,4988.057,00000000
88237.32,5165.063,00000000
88237.33,5128.811,00000000
88237.34,5250.37,00000000
88237.35,4874.505,00000000
88237.36,5161.391,00000000
88237.37,4928.627,00000000
88237.38,4728.45,00000000
88237.39,5072.952,00000000
88237.4,5135.699,00000000
88237.41,4768.671,00000000
88237.42,4893.249,00000000
88237.43,5030.856,00000000
88237.44,4934.305,00000000
88237.45,5064.94,00000000
88237.46,5292.335,00000000
88237.47,5005.422,00000000
88237.48,4781.494,00000000
88237.49,5340.851,00000000
88237.5,5183.542,00000000
88237.51,5027.809,00000000
88237.52,5291.287,00000000
88237.53,4894.178,00000000
88237.54,5008.045,00000000
88237.55,4760.849,00000000
88237.56,5098.5,00000000
88237.57,5204.302,00000000
88237.58,4920.912,00000000
88237.59,5059.451,00000000
88237.6,5059.021,00000000
88237.61,5183.33,00000000
88237.62,5196.267,00000000
88237.63,5287.021,00000000
88237.64,4977.69,00000000
88237.65,4749.454,00000000
88237.66,5010.826,00000000
88237.67,5038.692,00000000
88237.68,5048.183,00000000
88237.69,5216.773,00000000
88237.7,5109.624,00000000
88237.71,4912.897,00000000
88237.72,5072.314,00000000
88237.73,4885.777,00000000
88237.74,4871.897,00000000
88237.75,4887.446,00000000
88237.76,4831.468,00000000
88237.77,5249.25,00000000
88237.78,5004.926,00000000
88237.79,5112.674,00000000
88237.8,5094.781,00000000
88237.81,5216.16,00000000
88237.82,5165.324,00000000
88237.83,4942.682,00000000
88237.84,4916.895,00000000
88237.85,5093.21,00000000
88237.86,4812.827,00000000
88237.87,5149.991,00000000
88237.88,5078.783,00000000
88237.89,4973.016,00000000
88237.9,4925.115,00000000
88237.91,4765.566,00000000
88237.92,4917.474,00000000
88237.93,4935.877,00000000
88237.94,4725.636,00000000
88237.95,5063.131,00000000
88237.96,4929.418,00000000
88237.97,4889.265,00000000
88237.98,5195.918,00000000
88237.99,4920.295,00000000
88238.0,4759.011,00000000
88238.01,5097.166,00000000
88238.02,4810.308,00000000
88238.03,5012.181,00000000
88238.04,4948.584,00000000
88238.05,4884.35,00000000
88238.06,5024.015,00000000
88238.07,5077.465,00000000
88238.08,4972.672,00000000
88238.09,4979.316,00000000
88238.1,4845.36,00000000
88238.11,5090.633,00000000
88238.12,4948.868,00000000
88238.13,5195.029,00000000
88238.14,5167.903,00000000
88238.15,4736.67,00000000
88238.16,4998.399,00000000
88238.17,5010.209,00000000
88238.18,4823.93,00000000
88238.19,5250.27,00000000
88238.2,5004.092,00000000
88238.21,4883.512,00000000
88238.22,5151.637,00000000
88238.23,5039.028,00000000
88238.24,5186.065,00000000
88238.25,5012.286,00000000
88238.26,5144.958,00000000
88238.27,5074.048,00000000
88238.28,4940.675,00000000
88238.29,5213.47,00000000
88238.3,5058.57,00000000
88238.31,5012.148,00000000
88238.32,5265.585,00000000
88238.33,5144.696,00000000
88238.34,5195.326,00000000
88238.35,5141.275,00000000
88238.36,5191.95,00000000
88238.37,5152.549,00000000
88238.38,4913.835,00000000
88238.39,4725.668,00000000
88238.4,4954.942,00000000
88238.41,5028.123,00000000
88238.42,5099.327,00000000
88238.43,4773.782,00000000
88238.44,5095.614,00000000
88238.45,4824.96,00000000
88238.46,4862.061,00000000
88238.47,5048.417,00000000
88238.48,5086.161,00000000
88238.49,5211.178,00000000
88238.5,4805.458,00000000
88238.51,4776.138,00000000
88238.52,5042.816,00000000
88238.53,4964.057,00000000
88238.54,5011.955,00000000
88238.55,5149.447,00000000
88238.56,4913.323,00000000
88238.57,5228.551,00000000
88238.58,5067.09,00000000
88238.59,5201.328,00000000
88238.6,4784.323,00000000
88238.61,5069.238,00000000
88238.62,5246.345,00000000
88238.63,5021.045,00000000
88238.64,4831.402,00000000
88238.65,4847.255,00000000
88238.66,4858.462,00000000
88238.67,5035.276,00000000
88238.68,5377.843,00000000
88238.69,4918.156,00000000
88238.7,4777.873,00000000
88238.71,5092.609,00000000
88238.72,5212.16,00000000
88238.73,4791.836,00000000
88238.74,4926.354,00000000
88238.75,5117.213,00000000
88238.76,4810.988,00000000
88238.77,5228.436,00000000
88238.78,4816.818,00000000
88238.79,4951.063,00000000
88238.8,5297.572,00000000
88238.81,4995.558,00000000
88238.82,4884.631,00000000
88238.83,4802.48,00000000
88238.84,5295.152,00000000
88238.85,4908.155,00000000
88238.86,5189.321,00000000
88238.87,4944.641,00000000
88238.88,5075.1,00000000
88238.89,4968.375,00000000
88238.9,4890.214,00000000
88238.91,5155.704,00000000
88238.92,5044.93,00000000
88238.93,4965.322,00000000
88238.94,4929.906,00000000
88238.95,5194.694,00000000
88238.96,4920.475,00000000
88238.97,5300.339,00000000
88238.98,5024.729,00000000
88238.99,4896.596,00000000
88239.0,4958.458,00000000
88239.01,5162.774,00000000
88239.02,5079.38,00000000
88239.03,5138.217,00000000
88239.04,5203.987,00000000
88239.05,5059.744,00000000
88239.06,5021.12,00000000
88239.07,5336.095,00000000
88239.08,5045.035,00000000
88239.09,5020.604,00000000
88239.1,5070.461,00000000
88239.11,4991.789,00000000
88239.12,5223.338,00000000
88239.13,5095.391,00000000
88239.14,5191.292,00000000
88239.15,4872.223,00000000
88239.16,5037.558,00000000
88239.17,5049.664,00000000
88239.18,5107.057,00000000
88239.19,4967.656,00000000
88239.2,4815.244,00000000
88239.21,5066.964,00000000
88239.22,5339.258,00000000
88239.23,5319.117,00000000
88239.24,4976.453,00000000
88239.25,5327.263,00000000
88239.26,5017.948,00000000
88239.27,4877.051,00000000
88239.28,4990.546,00000000
88239.29,5099.714,00000000
88239.3,5107.295,00000000
88239.31,5048.401,00000000
88239.32,4954.96,00000000
88239.33,5134.382,00000000
88239.34,4862.252,00000000
88239.35,4895.183,00000000
88239.36,4906.656,00000000
88239.37,5019.988,00000000
88239.38,4752.447,00000000
88239.39,5149.561,00000000
88239.4,4956.221,00000000
88239.41,5133.561,00000000
88239.42,5268.533,00000000
88239.43,5066.509,00000000
88239.44,4798.852,00000000
88239.45,5233.46,00000000
88239.46,4787.378,00000000
88239.47,5219.517,00000000
88239.48,4654.509,00000000
88239.49,5077.288,00000000
88239.5,5213.84,00000000
88239.51,5019.259,00000000
88239.52,5244.978,00000000
88239.53,4897.607,00000000
88239.54,5121.387,00000000
88239.55,5083.286,00000000
88239.56,4954.967,00000000
88239.57,4724.388,00000000
88239.58,5063.737,00000000
88239.59,4909.109,00000000
88239.6,4977.546,00000000
88239.61,5125.669,00000000
88239.62,5172.519,00000000
88239.63,4893.979,00000000
88239.64,4846.892,00000000
88239.65,4914.718,00000000
88239.66,5154.711,00000000
88239.67,5049.265,00000000
88239.68,4878.702,00000000
88239.69,5015.625,00000000
88239.7,5040.072,00000000
88239.71,5107.099,00000000
88239.72,5215.868,00000000
88239.73,4967.202,00000000
88239.74,4844.095,00000000
88239.75,5092.98,00000000
88239.76,4859.039,00000000
88239.77,5163.213,00000000
88239.78,5029.986,00000000
88239.79,5035.683,00000000
88239.8,4791.016,00000000
88239.81,5328.648,00000000
88239.82,5121.184,00000000
88239.83,5371.531,00000000
88239.84,5047.739,00000000
88239.85,5072.753,00000000
88239.86,5060.882,00000000
88239.87,4793.333,00000000
88239.88,4841.349,00000000
88239.89,4875.056,00000000
88239.9,5061.227,00000000
88239.91,5022.141,00000000
88239.92,4988.471,00000000
88239.93,4967.758,00000000
88239.94,5002.799,00000000
88239.95,4986.521,00000000
88239.96,4961.321,00000000
88239.97,5254.524,00000000
88239.98,4981.546,00000000
88239.99,5016.811,00000000
88240.0,5067.435,00000000
88240.01,5047.291,00000000
88240.02,4889.946,00000000
88240.03,4957.421,00000000
88240.04,5118.273,00000000
88240.05,5013.565,00000000
88240.06,4864.37,00000000
88240.07,5205.402,00000000
88240.08,5115.026,00000000
88240.09,4979.508,00000000
88240.1,5182.194,00000000
88240.11,4920.849,00000000
88240.12,4996.666,00000000
88240.13,4805.692,00000000
88240.14,4894.711,00000000
88240.15,4823.708,00000000
88240.16,5062.063,00000000
88240.17,5450.677,00000000
88240.18,4867.276,00000000
88240.19,5289.483,00000000
88240.2,5273.872,00000000
88240.21,5194.544,00000000
88240.22,5193.003,00000000
88240.23,5161.798,00000000
88240.24,4827.814,00000000
88240.25,5051.401,00000000
88240.26,4613.804,00000000
88240.27,5164.379,00000000
88240.28,4951.654,00000000
88240.29,5127.107,00000000
88240.3,5013.258,00000000
88240.31,5051.715,00000000
88240.32,4948.466,00000000
88240.33,5013.709,00000000
88240.34,5279.461,00000000
88240.35,5016.818,00000000
88240.36,5085.303,00000000
88240.37,4975.399,00000000
88240.38,5092.193,00000000
88240.39,4792.448,00000000
88240.4,5147.392,00000000
88240.41,4968.718,00000000
88240.42,4735.302,00000000
88240.43,4828.603,00000000
88240.44,5186.808,00000000
88240.45,5274.19,00000000
88240.46,5002.805,00000000
88240.47,4958.354,00000000
88240.48,4979.408,00000000
88240.49,5056.314,00000000
88240.5,5135.109,00000000
88240.51,5068.337,00000000
88240.52,4954.126,00000000
88240.53,4993.393,00000000
88240.54,5274.76,00000000
88240.55,5096.115,00000000
88240.56,4930.998,00000000
88240.57,4967.202,00000000
88240.58,4980.773,00000000
88240.59,4924.611,00000000
88240.6,4891.85,00000000
88240.61,5120.801,00000000
88240.62,4950.318,00000000
88240.63,5148.217,00000000
88240.64,4875.251,00000000
88240.65,5224.052,00000000
88240.66,5017.906,00000000
88240.67,5043.964,00000000
88240.68,5241.055,00000000
88240.69,5107.391,00000000
88240.7,4848.048,00000000
88240.71,5038.5,00000000
88240.72,4919.987,00000000
88240.73,4819.13,00000000
88240.74,5023.365,00000000
88240.75,4964.005,00000000
88240.76,5137.001,00000000
88240.77,5030.621,00000000
88240.78,5024.799,00000000
88240.79,4790.253,00000000
88240.8,4905.103,00000000
88240.81,4924.353,00000000
88240.82,5023.472,00000000
88240.83,4869.837,00000000
88240.84,5288.045,00000000
88240.85,4688.025,00000000
88240.86,5014.0,00000000
88240.87,5122.47,00000000
88240.88,5264.383,00000000
88240.89,4844.142,00000000
88240.9,5325.763,00000000
88240.91,4981.981,00000000
88240.92,4878.766,00000000
88240.93,4775.932,00000000
88240.94,5087.411,00000000
88240.95,4884.7,00000000
88240.96,5243.761,00000000
88240.97,4841.056,00000000
88240.98,5025.336,00000000
88240.99,5192.079,00000000
88241.0,4941.768,00000000
88241.01,4908.019,00000000
88241.02,4945.165,00000000
88241.03,5050.083,00000000
88241.04,4842.587,00000000
88241.05,5012.746,00000000
88241.06,5014.455,00000000
88241.07,5161.126,00000000
88241.08,5158.606,00000000
88241.09,5001.173,00000000
88241.1,4944.592,00000000
88241.11,4963.678,00000000
88241.12,5055.174,00000000
88241.13,4881.351,00000000
88241.14,4995.707,00000000
88241.15,5018.856,00000000
88241.16,5145.471,00000000
88241.17,5095.801,00000000
88241.18,4875.436,00000000
88241.19,5180.777,00000000
88241.2,4928.921,00000000
88241.21,4808.875,00000000
88241.22,5014.463,00000000
88241.23,4989.26,00000000
88241.24,4944.744,00000000
88241.25,4739.402,00000000
88241.26,4882.186,00000000
88241.27,5027.667,00000000
88241.28,4870.977,00000000
88241.29,4886.49,00000000
88241.3,4965.898,00000000
88241.31,5006.301,00000000
88241.32,5179.298,00000000
88241.33,4982.718,00000000
88241.34,4895.853,00000000
88241.35,5058.113,00000000
88241.36,4920.082,00000000
88241.37,4687.226,00000000
88241.38,5232.33,00000000
88241.39,4776.208,00000000
88241.4,4936.683,00000000
88241.41,4964.512,00000000
88241.42,4785.86,00000000
88241.43,5043.802,00000000
88241.44,5009.71,00000000
88241.45,4854.934,00000000
88241.46,4938.668,00000000
88241.47,5050.254,00000000
88241.48,4881.545,00000000
88241.49,4680.423,00000000
88241.5,5211.314,00000000
88241.51,5100.508,00000000
88241.52,4877.781,00000000
88241.53,4769.05,00000000
88241.54,5039.784,00000000
88241.55,4787.093,00000000
88241.56,4886.961,00000000
88241.57,5145.629,00000000
88241.58,5130.227,00000000
88241.59,5023.733,00000000
88241.6,4865.335,00000000
88241.61,5309.93,00000000
88241.62,5214.529,00000000
88241.63,4984.882,00000000
88241.64,5287.788,00000000
88241.65,5060.314,00000000
88241.66,4794.613,00000000
88241.67,4837.347,00000000
88241.68,4991.85,00000000
88241.69,5078.031,00000000
88241.7,5130.2,00000000
88241.71,4888.103,00000000
88241.72,5172.968,00000000
88241.73,5050.64,00000000
88241.74,4900.853,00000000
88241.75,4752.318,00000000
88241.76,4915.55,00000000
88241.77,4983.611,00000000
88241.78,4943.525,00000000
88241.79,4835.272,00000000
88241.8,5109.572,00000000
88241.81,5100.169,00000000
88241.82,5241.756,00000000
88241.83,5209.346,00000000
88241.84,5004.186,00000000
88241.85,5229.665,00000000
88241.86,4939.884,00000000
88241.87,5068.108,00000000
88241.88,5113.685,00000000
88241.89,5003.113,00000000
88241.9,5097.859,00000000
88241.91,4984.307,00000000
88241.92,4843.13,00000000
88241.93,4971.309,00000000
88241.94,4947.886,00000000
88241.95,5137.738,00000000
88241.96,5368.461,00000000
88241.97,5077.349,00000000
88241.98,4705.636,00000000
88241.99,4971.433,00000000
88242.0,4757.667,00000000
88242.01,5098.322,00000000
88242.02,4966.523,00000000
88242.03,5106.63,00000000
88242.04,4959.521,00000000
88242.05,5050.525,00000000
88242.06,5258.343,00000000
88242.07,4982.84,00000000
88242.08,4823.849,00000000
88242.09,5133.191,00000000
88242.1,4895.767,00000000
88242.11,5142.617,00000000
88242.12,4981.525,00000000
88242.13,5130.568,00000000
88242.14,4931.246,00000000
88242.15,5182.355,00000000
88242.16,4994.101,00000000
88242.17,4962.557,00000000
88242.18,5188.042,00000000
88242.19,4872.64,00000000
88242.2,5021.466,00000000
88242.21,4993.994,00000000
88242.22,4980.276,00000000
88242.23,4945.709,00000000
88242.24,5148.732,00000000
88242.25,5062.113,00000000
88242.26,5030.911,00000000
88242.27,5267.059,00000000
88242.28,4902.619,00000000
88242.29,5091.232,00000000
88242.3,4873.071,00000000
88242.31,4972.095,00000000
88242.32,4965.104,00000000
88242.33,5099.307,00000000
88242.34,4896.567,00000000
88242.35,4866.134,00000000
88242.36,5407.196,00000000
88242.37,4925.68,00000000
88242.38,5122.85,00000000
88242.39,4938.198,00000000
88242.4,5103.102,00000000
88242.41,4847.973,00000000
88242.42,4587.579,00000000
88242.43,5080.894,00000000
88242.44,5181.662,00000000
88242.45,4870.074,00000000
88242.46,4913.677,00000000
88242.47,5262.644,00000000
88242.48,4870.824,00000000
88242.49,4854.526,00000000
88242.5,5058.738,00000000
88242.51,4881.92,00000000
88242.52,5187.211,00000000
88242.53,4820.673,00000000
88242.54,5129.075,00000000
88242.55,5034.179,00000000
88242.56,5096.181,00000000
88242.57,5023.98,00000000
88242.58,5186.449,00000000
88242.59,4792.636,00000000
88242.6,4962.408,00000000
88242.61,5268.624,00000000
88242.62,4916.996,00000000
88242.63,5016.456,00000000
88242.64,5033.449,00000000
88242.65,5074.676,00000000
88242.66,4872.421,00000000
88242.67,4767.078,00000000
88242.68,5254.578,00000000
88242.69,5020.738,00000000
88242.7,4894.045,00000000
88242.71,4965.244,00000000
88242.72,5026.224,00000000
88242.73,4877.005,00000000
88242.74,5057.637,00000000
88242.75,5291.904,00000000
88242.76,4843.594,00000000
88242.77,4980.502,00000000
88242.78,5019.44,00000000
88242.79,5141.718,00000000
88242.8,4966.314,00000000
88242.81,4601.748,00000000
88242.82,5232.92,00000000
88242.83,4985.404,00000000
88242.84,5086.31,00000000
88242.85,5277.103,00000000
88242.86,4882.544,00000000
88242.87,5038.526,00000000
88242.88,4990.134,00000000
88242.89,5166.701,00000000
88242.9,4817.566,00000000
88242.91,4817.495,00000000
88242.92,5388.572,00000000
88242.93,5110.403,00000000
88242.94,4923.928,00000000
88242.95,4979.459,00000000
88242.96,5175.97,00000000
88242.97,4993.274,00000000
88242.98,4966.218,00000000
88242.99,4846.301,00000000
88243.0,4988.231,00000000
88243.01,4917.584,00000000
88243.02,4957.122,00000000
88243.03,5096.686,00000000
88243.04,4861.949,00000000
88243.05,4876.593,00000000
88243.06,5043.563,00000000
88243.07,5024.629,00000000
88243.08,5016.462,00000000
88243.09,5180.864,00000000
88243.1,5021.421,00000000
88243.11,4794.155,00000000
88243.12,5145.656,00000000
88243.13,5290.73,00000000
88243.14,4898.31,00000000
88243.15,4803.016,00000000
88243.16,5333.97,00000000
88243.17,5026.318,00000000
88243.18,5201.565,00000000
88243.19,5100.216,00000000
88243.2,5033.131,00000000
88243.21,4892.031,00000000
88243.22,5309.078,00000000
88243.23,4963.49,00000000
88243.24,4991.499,00000000
88243.25,4970.273,00000000
88243.26,5247.577,00000000
88243.27,5163.743,00000000
88243.28,5341.597,00000000
88243.29,5020.097,00000000
88243.3,5068.745,00000000
88243.31,5221.94,00000000
88243.32,5004.912,00000000
88243.33,5040.348,00000000
88243.34,4803.884,00000000
88243.35,5048.446,00000000
88243.36,4656.686,00000000
88243.37,4879.541,00000000
88243.38,5002.106,00000000
88243.39,5187.32,00000000
88243.4,5190.541,00000000
88243.41,4958.298,00000000
88243.42,5283.215,00000000
88243.43,5100.974,00000000
88243.44,5009.801,00000000
88243.45,4815.945,00000000
88243.46,5020.598,00000000
88243.47,5067.403,00000000
88243.48,5288.595,00000000
88243.49,4849.182,00000000
88243.5,5110.959,00000000
88243.51,5150.187,00000000
88243.52,4973.6,00000000
88243.53,4879.712,00000000
88243.54,5117.111,00000000
88243.55,5246.747,00000000
88243.56,4983.474,00000000
88243.57,4954.521,00000000
88243.58,5050.233,00000000
88243.59,4893.516,00000000
88243.6,5100.674,00000000
88243.61,4980.08,00000000
88243.62,4833.495,00000000
88243.63,5042.781,00000000
88243.64,5072.023,00000000
88243.65,5133.539,00000000
88243.66,4922.855,00000000
88243.67,5022.485,00000000
88243.68,5045.958,00000000
88243.69,4617.766,00000000
88243.7,5103.898,00000000
88243.71,4889.717,00000000
88243.72,4887.068,00000000
88243.73,5422.277,00000000
88243.74,5132.711,00000000
88243.75,4996.964,00000000
88243.76,4826.238,00000000
88243.77,4877.568,00000000
88243.78,4790.445,00000000
88243.79,5015.607,00000000
88243.8,4972.484,00000000
88243.81,4950.879,00000000
88243.82,4601.783,00000000
88243.83,5034.516,00000000
88243.84,4755.596,00000000
88243.85,4806.989,00000000
88243.86,4716.656,00000000
88243.87,4997.032,00000000
88243.88,5131.338,00000000
88243.89,4875.369,00000000
88243.9,5220.494,00000000
88243.91,4949.688,00000000
88243.92,4958.178,00000000
88243.93,5169.016,00000000
88243.94,4872.74,00000000
88243.95,4875.494,00000000
88243.96,4910.935,00000000
88243.97,5011.51,00000000
88243.98,4906.97,00000000
88243.99,5164.009,00000000
88244.0,5121.907,00000000
88244.01,5200.187,00000000
88244.02,4991.299,00000000
88244.03,5187.682,00000000
88244.04,4825.283,00000000
88244.05,4989.645,00000000
88244.06,4795.209,00000000
88244.07,5192.218,00000000
88244.08,5234.669,00000000
88244.09,4928.111,00000000
88244.1,4882.546,00000000
88244.11,4763.4,00000000
88244.12,4838.228,00000000
88244.13,5321.695,00000000
88244.14,5089.894,00000000
88244.15,4938.706,00000000
88244.16,5130.607,00000000
88244.17,5213.362,00000000
88244.18,5209.845,00000000
88244.19,4895.242,00000000
88244.2,4769.853,00000000
88244.21,4876.741,00000000
88244.22,5079.796,00000000
88244.23,4787.404,00000000
88244.24,5393.446,00000000
88244.25,4992.299,00000000
88244.26,5289.819,00000000
88244.27,4883.263,00000000
88244.28,4899.507,00000000
88244.29,4825.595,00000000
88244.3,5090.349,00000000
88244.31,4888.433,00000000
88244.32,5023.701,00000000
88244.33,5111.487,00000000
88244.34,5076.662,00000000
88244.35,4995.39,00000000
88244.36,5063.965,00000000
88244.37,4884.31,00000000
88244.38,5081.187,00000000
88244.39,5010.677,00000000
88244.4,4868.75,00000000
88244.41,4925.385,00000000
88244.42,5239.051,00000000
88244.43,5107.042,00000000
88244.44,4980.209,00000000
88244.45,5092.901,00000000
88244.46,4746.157,00000000
88244.47,5141.426,00000000
88244.48,5080.604,00000000
88244.49,5159.384,00000000
88244.5,5036.55,00000000
88244.51,5118.164,00000000
88244.52,4866.769,00000000
88244.53,5209.956,00000000
88244.54,4899.455,00000000
88244.55,4855.012,00000000
88244.56,5054.604,00000000
88244.57,4873.691,00000000
88244.58,5099.195,00000000
88244.59,5279.245,00000000
88244.6,4940.481,00000000
88244.61,4794.239,00000000
88244.62,4984.552,00000000
88244.63,4798.11,00000000
88244.64,5113.315,00000000
88244.65,4856.383,00000000
88244.66,5333.614,00000000
88244.67,4856.14,00000000
88244.68,4819.186,00000000
88244.69,4918.118,00000000
88244.7,4761.019,00000000
88244.71,5286.288,00000000
88244.72,5039.515,00000000
88244.73,5195.967,00000000
88244.74,5031.933,00000000
88244.75,4728.588,00000000
88244.76,4637.346,00000000
88244.77,4696.107,00000000
88244.78,5004.976,00000000
88244.79,4881.809,00000000
88244.8,4992.149,00000000
88244.81,5179.691,00000000
88244.82,4942.917,00000000
88244.83,5007.581,00000000
88244.84,4777.596,00000000
88244.85,5343.578,00000000
88244.86,5172.554,00000000
88244.87,5102.625,00000000
88244.88,5044.025,00000000
88244.89,5116.402,00000000
88244.9,5003.235,00000000
88244.91,4679.561,00000000
88244.92,5030.383,00000000
88244.93,4896.37,00000000
88244.94,5152.504,00000000
88244.95,4920.003,00000000
88244.96,5246.331,00000000
88244.97,4886.674,00000000
88244.98,5108.466,00000000
88244.99,5008.151,00000000
88245.0,5201.258,00000000
88245.01,5219.046,00000000
88245.02,4934.229,00000000
88245.03,4943.854,00000000
88245.04,5187.606,00000000
88245.05,5022.333,00000000
88245.06,4904.415,00000000
88245.07,4921.192,00000000
88245.08,4969.959,00000000
88245.09,4876.201,00000000
88245.1,5137.423,00000000
88245.11,5089.307,00000000
88245.12,5043.121,00000000
88245.13,5216.16,00000000
88245.14,5078.189,00000000
88245.15,5266.272,00000000
88245.16,5158.21,00000000
88245.17,4984.443,00000000
88245.18,5112.479,00000000
88245.19,5132.139,00000000
88245.2,4795.034,00000000
88245.21,5379.469,00000000
88245.22,4923.438,00000000
88245.23,4884.687,00000000
88245.24,5251.862,00000000
88245.25,4936.998,00000000
88245.26,5030.323,00000000
88245.27,5026.146,00000000
88245.28,5164.622,00000000
88245.29,5355.598,00000000
88245.3,5021.81,00000000
88245.31,5117.138,00000000
88245.32,5129.379,00000000
88245.33,4737.283,00000000
88245.34,4726.893,00000000
88245.35,5193.288,00000000
88245.36,5135.072,00000000
88245.37,5322.512,00000000
88245.38,5042.509,00000000
88245.39,4866.392,00000000
88245.4,4929.787,00000000
88245.41,4757.424,00000000
88245.42,5017.377,00000000
88245.43,4895.619,00000000
88245.44,5051.538,00000000
88245.45,4957.079,00000000
88245.46,4758.945,00000000
88245.47,4966.87,00000000
88245.48,4882.932,00000000
88245.49,4970.318,00000000
88245.5,4922.595,00000000
88245.51,5037.174,00000000
88245.52,5160.728,00000000
88245.53,5112.832,00000000
88245.54,5245.024,00000000
88245.55,4942.418,00000000
88245.56,4948.444,00000000
88245.57,4834.512,00000000
88245.58,4916.513,00000000
88245.59,4966.929,00000000
88245.6,5014.804,00000000
88245.61,4936.394,00000000
88245.62,4918.946,00000000
88245.63,5013.965,00000000
88245.64,5010.945,00000000
88245.65,5115.969,00000000
88245.66,5066.082,00000000
88245.67,4921.349,00000000
88245.68,4966.866,00000000
88245.69,4935.983,00000000
88245.7,5089.206,00000000
88245.71,4933.517,00000000
88245.72,4839.451,00000000
88245.73,5100.952,00000000
88245.74,4758.787,00000000
88245.75,5032.477,00000000
88245.76,4898.082,00000000
88245.77,5074.893,00000000
88245.78,5169.855,00000000
88245.79,4853.889,00000000
88245.8,4765.708,00000000
88245.81,4890.299,00000000
88245.82,5064.04,00000000
88245.83,4781.309,00000000
88245.84,4929.918,00000000
88245.85,4861.766,00000000
88245.86,4901.727,00000000
88245.87,5041.273,00000000
88245.88,4990.383,00000000
88245.89,5273.038,00000000
88245.9,4896.356,00000000
88245.91,4762.959,00000000
88245.92,4831.665,00000000
88245.93,4917.673,00000000
88245.94,4859.818,00000000
88245.95,5052.966,00000000
88245.96,4978.994,00000000
88245.97,4832.774,00000000
88245.98,4972.369,00000000
88245.99,4963.695,00000000
88246.0,4991.003,00000000
88246.01,4960.376,00000000
88246.02,5035.916,00000000
88246.03,5375.882,00000000
88246.04,5143.076,00000000
88246.05,4765.492,00000000
88246.06,5089.062,00000000
88246.07,4975.908,00000000
88246.08,5166.034,00000000
88246.09,4987.665,00000000
88246.1,5016.947,00000000
88246.11,4204.215,00000000
88246.12,4360.252,00000000
88246.13,4023.426,00000000
88246.14,4126.637,00000000
88246.15,4292.427,00000000
88246.16,4307.175,00000000
88246.17,3987.486,00000000
88246.18,4138.901,00000000
88246.19,4184.367,00000000
88246.2,4015.702,00000000
88246.21,4277.572,00000000
88246.22,4302.417,00000000
88246.23,4347.986,00000000
88246.24,4256.561,00000000
88246.25,4158.541,00000000
88246.26,4220.169,00000000
88246.27,4195.815,00000000
88246.28,4343.299,00000000
88246.29,3886.099,00000000
88246.3,4015.789,00000000
88246.31,4202.609,00000000
88246.32,4067.451,00000000
88246.33,4139.479,00000000
88246.34,4225.495,00000000
88246.35,4058.939,00000000
88246.36,4212.534,00000000
88246.37,4362.726,00000000
88246.38,4180.244,00000000
88246.39,4300.707,00000000
88246.4,4063.827,00000000
88246.41,4230.992,00000000
88246.42,4123.129,00000000
88246.43,4274.822,00000000
88246.44,4200.51,00000000
88246.45,4167.139,00000000
88246.46,4396.661,00000000
88246.47,4420.53,00000000
88246.48,4410.346,00000000
88246.49,4319.974,00000000
88246.5,4220.163,00000000
88246.51,4163.062,00000000
88246.52,4141.157,00000000
88246.53,4099.396,00000000
88246.54,4093.508,00000000
88246.55,4297.067,00000000
88246.56,4225.328,00000000
88246.57,4378.725,00000000
88246.58,4095.618,00000000
88246.59,4557.446,00000000
88246.6,4157.18,00000000
88246.61,4144.097,00000000
88246.62,3980.076,00000000
88246.63,4353.625,00000000
88246.64,4344.903,00000000
88246.65,4290.52,00000000
88246.66,4115.369,00000000
88246.67,4310.194,00000000
88246.68,4218.671,00000000
88246.69,4465.042,00000000
88246.7,4180.024,00000000
88246.71,4362.169,00000000
88246.72,4364.94,00000000
88246.73,3990.228,00000000
88246.74,4218.182,00000000
88246.75,4080.26,00000000
88246.76,4199.405,00000000
88246.77,4267.512,00000000
88246.78,4291.158,00000000
88246.79,4252.957,00000000
88246.8,4233.242,00000000
88246.81,4499.866,00000000
88246.82,4323.389,00000000
88246.83,4241.791,00000000
88246.84,4028.635,00000000
88246.85,4136.084,00000000
88246.86,4013.168,00000000
88246.87,4363.556,00000000
88246.88,4255.604,00000000
88246.89,4255.207,00000000
88246.9,4287.24,00000000
88246.91,4225.866,00000000
88246.92,4173.649,00000000
88246.93,4232.472,00000000
88246.94,4378.626,00000000
88246.95,4088.278,00000000
88246.96,4096.437,00000000
88246.97,4200.87,00000000
88246.98,4180.431,00000000
88246.99,4184.183,00000000
88247.0,4366.757,00000000
88247.01,4196.338,00000000
88247.02,4176.335,00000000
88247.03,4255.997,00000000
88247.04,4043.679,00000000
88247.05,4247.171,00000000
88247.06,4162.503,00000000
88247.07,4180.849,00000000
88247.08,3954.433,00000000
88247.09,4255.915,00000000
88247.1,4195.678,00000000
88247.11,4345.891,00000000
88247.12,4118.374,00000000
88247.13,4221.192,00000000
88247.14,4031.836,00000000
88247.15,4128.682,00000000
88247.16,4103.697,00000000
88247.17,4283.937,00000000
88247.18,4056.051,00000000
88247.19,4112.974,00000000
88247.2,4230.456,00000000
88247.21,4237.103,00000000
88247.22,4292.855,00000000
88247.23,4251.245,00000000
88247.24,4287.594,00000000
88247.25,4250.985,00000000
88247.26,4454.654,00000000
88247.27,4199.216,00000000
88247.28,4353.86,00000000
88247.29,4258.424,00000000
88247.3,4449.437,00000000
88247.31,4277.779,00000000
88247.32,4163.419,00000000
88247.33,4173.021,00000000
88247.34,4583.724,00000000
88247.35,4049.363,00000000
88247.36,4118.009,00000000
88247.37,4181.354,00000000
88247.38,4328.93,00000000
88247.39,4130.272,00000000
88247.4,4047.561,00000000
88247.41,3924.333,00000000
88247.42,3940.095,00000000
88247.43,4100.93,00000000
88247.44,4093.984,00000000
88247.45,4247.274,00000000
88247.46,4157.073,00000000
88247.47,4165.809,00000000
88247.48,4167.544,00000000
88247.49,4308.315,00000000
88247.5,4327.091,00000000
88247.51,4304.176,00000000
88247.52,4162.954,00000000
88247.53,4246.963,00000000
88247.54,4300.794,00000000
88247.55,4073.797,00000000
88247.56,4482.311,00000000
88247.57,4188.431,00000000
88247.58,4219.141,00000000
88247.59,4373.339,00000000
88247.6,3959.627,00000000
88247.61,4397.273,00000000
88247.62,4052.959,00000000
88247.63,4113.356,00000000
88247.64,4059.555,00000000
88247.65,4190.35,00000000
88247.66,4147.519,00000000
88247.67,4196.22,00000000
88247.68,4152.502,00000000
88247.69,4297.157,00000000
88247.7,4211.878,00000000
88247.71,3891.451,00000000
88247.72,4234.993,00000000
88247.73,4252.955,00000000
88247.74,4186.133,00000000
88247.75,3995.411,00000000
88247.76,4322.368,00000000
88247.77,3937.757,00000000
88247.78,4125.445,00000000
88247.79,3937.652,00000000
88247.8,4347.196,00000000
88247.81,4216.674,00000000
88247.82,4246.724,00000000
88247.83,4160.37,00000000
88247.84,4051.121,00000000
88247.85,4147.11,00000000
88247.86,4209.773,00000000
88247.87,4168.616,00000000
88247.88,4113.475,00000000
88247.89,3945.896,00000000
88247.9,4232.731,00000000
88247.91,4129.703,00000000
88247.92,4157.278,00000000
88247.93,4316.515,00000000
88247.94,4274.363,00000000
88247.95,4233.831,00000000
88247.96,4199.031,00000000
88247.97,4342.338,00000000
88247.98,4349.69,00000000
88247.99,4138.113,00000000
88248.0,4057.601,00000000
88248.01,4085.538,00000000
88248.02,4180.21,00000000
88248.03,4096.534,00000000
88248.04,4231.91,00000000
88248.05,4275.817,00000000
88248.06,4018.773,00000000
88248.07,4397.181,00000000
88248.08,4322.102,00000000
88248.09,4227.419,00000000
88248.1,4221.51,00000000
88248.11,4403.333,00000000
88248.12,4101.091,00000000
88248.13,4335.943,00000000
88248.14,4261.852,00000000
88248.15,4239.283,00000000
88248.16,4093.043,00000000
88248.17,4270.216,00000000
88248.18,4207.053,00000000
88248.19,4044.332,00000000
88248.2,4226.809,00000000
88248.21,4373.656,00000000
88248.22,4104.018,00000000
88248.23,4219.034,00000000
88248.24,4191.399,00000000
88248.25,4262.939,00000000
88248.26,4163.046,00000000
88248.27,4153.382,00000000
88248.28,4145.699,00000000
88248.29,4105.448,00000000
88248.3,4398.7,00000000
88248.31,4087.872,00000000
88248.32,4026.674,00000000
88248.33,4359.559,00000000
88248.34,4068.157,00000000
88248.35,4264.741,00000000
88248.36,4365.184,00000000
88248.37,4260.234,00000000
88248.38,4151.629,00000000
88248.39,4449.157,00000000
88248.4,4356.181,00000000
88248.41,4439.827,00000000
88248.42,4417.891,00000000
88248.43,4129.913,00000000
88248.44,4064.086,00000000
88248.45,4112.457,00000000
88248.46,4207.124,00000000
88248.47,4380.092,00000000
88248.48,4185.201,00000000
88248.49,4239.8,00000000
88248.5,3830.834,00000000
88248.51,4286.69,00000000
88248.52,4040.195,00000000
88248.53,4292.565,00000000
88248.54,4169.249,00000000
88248.55,4451.104,00000000
88248.56,4273.552,00000000
88248.57,4158.6,00000000
88248.58,4385.815,00000000
88248.59,4279.414,00000000
88248.6,4318.756,00000000
88248.61,4170.129,00000000
88248.62,3939.798,00000000
88248.63,4161.502,00000000
88248.64,4063.963,00000000
88248.65,4364.63,00000000
88248.66,4093.743,00000000
88248.67,4339.304,00000000
88248.68,4157.591,00000000
88248.69,4435.767,00000000
88248.7,4000.106,00000000
88248.71,3995.117,00000000
88248.72,4139.681,00000000
88248.73,4094.01,00000000
88248.74,4300.358,00000000
88248.75,4275.535,00000000
88248.76,4309.175,00000000
88248.77,4216.175,00000000
88248.78,4089.607,00000000
88248.79,3945.533,00000000
88248.8,4237.315,00000000
88248.81,4447.159,00000000
88248.82,4118.201,00000000
88248.83,4269.161,00000000
88248.84,4153.822,00000000
88248.85,4066.107,00000000
88248.86,4334.939,00000000
88248.87,4139.708,00000000
88248.88,4325.81,00000000
88248.89,4170.388,00000000
88248.9,4141.312,00000000
88248.91,4234.519,00000000
88248.92,4284.688,00000000
88248.93,4336.256,00000000
88248.94,4249.906,00000000
88248.95,4249.558,00000000
88248.96,4287.186,00000000
88248.97,4256.199,00000000
88248.98,4235.037,00000000
88248.99,4371.163,00000000
88249.0,4290.62,00000000
88249.01,4211.913,00000000
88249.02,4348.977,00000000
88249.03,4177.602,00000000
88249.04,4157.265,00000000
88249.05,4166.148,00000000
88249.06,4332.821,00000000
88249.07,4187.918,00000000
88249.08,4234.535,00000000
88249.09,4449.652,00000000
88249.1,4181.426,00000000
88249.11,4198.597,00000000
88249.12,4102.822,00000000
88249.13,4437.637,00000000
88249.14,4352.51,00000000
88249.15,4075.832,00000000
88249.16,4073.759,00000000
88249.17,4077.864,00000000
88249.18,4173.762,00000000
88249.19,4049.622,00000000
88249.2,4072.656,00000000
88249.21,4119.771,00000000
88249.22,4354.767,00000000
88249.23,4341.922,00000000
88249.24,3983.719,00000000
88249.25,4206.118,00000000
88249.26,4233.946,00000000
88249.27,4385.656,00000000
88249.28,3910.93,00000000
88249.29,4275.803,00000000
88249.3,4312.608,00000000
88249.31,4250.246,00000000
88249.32,4223.925,00000000
88249.33,4175.664,00000000
88249.34,4137.183,00000000
88249.35,3910.502,00000000
88249.36,4041.392,00000000
88249.37,4148.595,00000000
88249.38,4255.489,00000000
88249.39,4049.375,00000000
88249.4,3850.036,00000000
88249.41,4279.945,00000000
88249.42,4079.539,00000000
88249.43,4216.548,00000000
88249.44,4367.344,00000000
88249.45,4217.571,00000000
88249.46,4291.051,00000000
88249.47,4277.3,00000000
88249.48,4111.529,00000000
88249.49,4038.764,00000000
88249.5,4175.297,00000000
88249.51,4019.228,00000000
88249.52,4118.562,00000000
88249.53,4303.547,00000000
88249.54,3984.922,00000000
88249.55,4122.848,00000000
88249.56,4078.689,00000000
88249.57,4126.06,00000000
88249.58,4312.011,00000000
88249.59,4255.805,00000000
88249.6,4130.851,00000000
88249.61,4408.569,00000000
88249.62,4209.82,00000000
88249.63,4316.318,00000000
88249.64,4241.003,00000000
88249.65,4080.639,00000000
88249.66,4356.206,00000000
88249.67,4306.559,00000000
88249.68,4228.3,00000000
88249.69,3753.77,00000000
88249.7,4196.749,00000000
88249.71,4258.728,00000000
88249.72,4325.812,00000000
88249.73,4230.336,00000000
88249.74,4346.128,00000000
88249.75,4191.294,00000000
88249.76,4292.545,00000000
88249.77,4241.56,00000000
88249.78,4208.521,00000000
88249.79,4362.052,00000000
88249.8,4011.149,00000000
88249.81,4099.303,00000000
88249.82,4256.575,00000000
88249.83,4139.501,00000000
88249.84,4259.4,00000000
88249.85,4164.552,00000000
88249.86,4091.688,00000000
88249.87,4382.833,00000000
88249.88,3949.658,00000000
88249.89,4251.968,00000000
88249.9,4091.792,00000000
88249.91,3956.166,00000000
88249.92,4280.53,00000000
88249.93,4185.773,00000000
88249.94,4324.326,00000000
88249.95,4344.02,00000000
88249.96,4021.696,00000000
88249.97,4218.907,00000000
88249.98,4323.202,00000000
88249.99,4238.579,00000000
88250.0,4350.539,00000000
88250.01,3953.739,00000000
88250.02,4212.792,00000000
88250.03,4262.585,00000000
88250.04,4139.742,00000000
88250.05,4382.204,00000000
88250.06,4152.75,00000000
88250.07,4231.422,00000000
88250.08,4324.32,00000000
88250.09,4254.023,00000000
88250.1,4197.175,00000000
88250.11,4375.244,00000000
88250.12,4143.385,00000000
88250.13,4223.404,00000000
88250.14,4414.266,00000000
88250.15,4174.836,00000000
88250.16,4514.04,00000000
88250.17,4273.253,00000000
88250.18,4228.881,00000000
88250.19,4417.99,00000000
88250.2,4593.737,00000000
88250.21,4159.649,00000000
88250.22,4317.705,00000000
88250.23,4103.06,00000000
88250.24,4154.842,00000000
88250.25,4027.596,00000000
88250.26,4022.994,00000000
88250.27,4148.931,00000000
88250.28,4126.245,00000000
88250.29,4248.668,00000000
88250.3,4157.975,00000000
88250.31,4316.078,00000000
88250.32,4497.081,00000000
88250.33,4216.634,00000000
88250.34,4207.851,00000000
88250.35,4048.495,00000000
88250.36,4163.997,00000000
88250.37,4255.042,00000000
88250.38,4069.246,00000000
88250.39,4290.029,00000000
88250.4,4271.002,00000000
88250.41,3995.982,00000000
88250.42,4167.998,00000000
88250.43,4321.451,00000000
88250.44,4133.939,00000000
88250.45,4242.142,00000000
88250.46,4158.365,00000000
88250.47,4409.997,00000000
88250.48,4055.552,00000000
88250.49,4303.351,00000000
88250.5,3999.638,00000000
88250.51,4213.472,00000000
88250.52,4037.891,00000000
88250.53,4265.035,00000000
88250.54,4271.95,00000000
88250.55,4193.414,00000000
88250.56,4275.794,00000000
88250.57,3916.808,00000000
88250.58,4387.474,00000000
88250.59,4258.547,00000000
88250.6,4184.992,00000000
88250.61,4268.392,00000000
88250.62,4258.575,00000000
88250.63,4162.855,00000000
88250.64,4285.665,00000000
88250.65,4125.665,00000000
88250.66,4216.345,00000000
88250.67,4252.343,00000000
88250.68,4178.992,00000000
88250.69,4022.665,00000000
88250.7,4075.794,00000000
88250.71,4132.566,00000000
88250.72,3976.017,00000000
88250.73,4276.097,00000000
88250.74,4123.693,00000000
88250.75,4174.361,00000000
88250.76,4053.823,00000000
88250.77,4282.017,00000000
88250.78,4273.706,00000000
88250.79,4238.237,00000000
88250.8,4129.131,00000000
88250.81,4106.034,00000000
88250.82,4097.794,00000000
88250.83,4250.448,00000000
88250.84,4438.122,00000000
88250.85,4068.884,00000000
88250.86,4418.699,00000000
88250.87,4292.707,00000000
88250.88,4296.953,00000000
88250.89,4293.12,00000000
88250.9,4083.438,00000000
88250.91,4164.956,00000000
88250.92,4233.266,00000000
88250.93,4279.714,00000000
88250.94,4409.88,00000000
88250.95,4417.893,00000000
88250.96,4091.849,00000000
88250.97,4302.13,00000000
88250.98,3978.661,00000000
88250.99,3953.961,00000000
88251.0,4128.553,00000000
88251.01,4176.798,00000000
88251.02,4063.785,00000000
88251.03,3821.868,00000000
88251.04,4113.382,00000000
88251.05,4334.024,00000000
88251.06,4392.834,00000000
88251.07,4098.083,00000000
88251.08,4437.195,00000000
88251.09,4244.325,00000000
88251.1,4279.73,00000000
88251.11,4245.039,00000000
88251.12,4235.335,00000000
88251.13,4447.214,00000000
88251.14,4142.27,00000000
88251.15,4220.951,00000000
88251.16,4199.916,00000000
88251.17,4203.365,00000000
88251.18,3825.916,00000000
88251.19,4519.187,00000000
88251.2,4234.231,00000000
88251.21,4276.486,00000000
88251.22,4012.488,00000000
88251.23,4264.82,00000000
88251.24,4243.106,00000000
88251.25,4054.502,00000000
88251.26,4271.493,00000000
88251.27,4030.686,00000000
88251.28,4176.637,00000000
88251.29,4255.882,00000000
88251.3,4344.776,00000000
88251.31,3993.665,00000000
88251.32,4375.339,00000000
88251.33,4288.418,00000000
88251.34,4198.716,00000000
88251.35,4322.493,00000000
88251.36,4348.145,00000000
88251.37,4376.413,00000000
88251.38,4249.949,00000000
88251.39,4386.91,00000000
88251.4,4006.677,00000000
88251.41,4257.797,00000000
88251.42,4085.098,00000000
88251.43,4232.748,00000000
88251.44,4231.76,00000000
88251.45,4229.096,00000000
88251.46,4117.152,00000000
88251.47,3983.15,00000000
88251.48,4174.981,00000000
88251.49,4134.045,00000000
88251.5,3900.104,00000000
88251.51,4150.135,00000000
88251.52,4339.244,00000000
88251.53,4237.077,00000000
88251.54,4401.216,00000000
88251.55,3923.354,00000000
88251.56,4163.258,00000000
88251.57,4135.892,00000000
88251.58,4181.478,00000000
88251.59,4420.136,00000000
88251.6,4219.304,00000000
88251.61,4319.752,00000000
88251.62,4192.152,00000000
88251.63,4228.252,00000000
88251.64,4228.448,00000000
88251.65,4306.928,00000000
88251.66,4250.455,00000000
88251.67,4243.856,00000000
88251.68,4147.764,00000000
88251.69,4247.033,00000000
88251.7,4140.99,00000000
88251.71,4195.673,00000000
88251.72,4167.475,00000000
88251.73,4253.636,00000000
88251.74,4109.843,00000000
88251.75,4339.208,00000000
88251.76,4005.158,00000000
88251.77,4037.131,00000000
88251.78,4453.57,00000000
88251.79,4322.399,00000000
88251.8,4293.716,00000000
88251.81,4186.235,00000000
88251.82,4210.369,00000000
88251.83,4181.508,00000000
88251.84,4225.825,00000000
88251.85,4172.603,00000000
88251.86,4049.736,00000000
88251.87,4144.055,00000000
88251.88,4085.67,00000000
88251.89,4225.989,00000000
88251.9,4422.509,00000000
88251.91,4231.422,00000000
88251.92,4148.804,00000000
88251.93,4395.295,00000000
88251.94,4066.169,00000000
88251.95,4270.734,00000000
88251.96,4132.989,00000000
88251.97,4156.73,00000000
88251.98,3966.533,00000000
88251.99,4344.201,00000000
88252.0,4458.884,00000000
88252.01,4285.271,00000000
88252.02,4407.614,00000000
88252.03,4248.507,00000000
88252.04,4160.053,00000000
88252.05,4339.346,00000000
88252.06,4147.95,00000000
88252.07,4106.286,00000000
88252.08,4170.475,00000000
88252.09,4018.983,00000000
88252.1,4088.968,00000000
88252.11,4233.21,00000000
88252.12,4191.998,00000000
88252.13,4181.176,00000000
88252.14,4340.066,00000000
88252.15,4292.076,00000000
88252.16,4418.842,00000000
88252.17,4288.472,00000000
88252.18,4174.345,00000000
88252.19,4212.088,00000000
88252.2,4182.281,00000000
88252.21,4290.77,00000000
88252.22,4103.674,00000000
88252.23,4090.695,00000000
88252.24,4250.805,00000000
88252.25,4140.666,00000000
88252.26,4272.51,00000000
88252.27,4172.934,00000000
88252.28,4030.237,00000000
88252.29,3946.078,00000000
88252.3,4019.858,00000000
88252.31,4217.996,00000000
88252.32,3997.672,00000000
88252.33,4206.123,00000000
88252.34,3975.893,00000000
88252.35,4435.715,00000000
88252.36,4464.697,00000000
88252.37,4050.277,00000000
88252.38,4190.424,00000000
88252.39,4261.312,00000000
88252.4,4298.503,00000000
88252.41,4255.849,00000000
88252.42,4244.489,00000000
88252.43,4102.408,00000000
88252.44,4046.664,00000000
88252.45,4320.432,00000000
88252.46,4435.417,00000000
88252.47,4099.024,00000000
88252.48,4011.179,00000000
88252.49,4068.053,00000000
88252.5,4012.351,00000000
88252.51,4151.062,00000000
88252.52,4016.563,00000000
88252.53,4185.016,00000000
88252.54,4256.574,00000000
88252.55,4277.389,00000000
88252.56,3994.258,00000000
88252.57,4256.3,00000000
88252.58,4157.265,00000000
88252.59,4023.714,00000000
88252.6,3951.282,00000000
88252.61,4210.178,00000000
88252.62,4289.307,00000000
88252.63,4330.995,00000000
88252.64,4405.383,00000000
88252.65,4310.657,00000000
88252.66,4360.687,00000000
88252.67,4140.474,00000000
88252.68,4305.201,00000000
88252.69,4106.134,00000000
88252.7,4010.98,00000000
88252.71,4030.705,00000000
88252.72,4090.152,00000000
88252.73,4092.114,00000000
88252.74,4188.089,00000000
88252.75,4095.994,00000000
88252.76,4195.188,00000000
88252.77,4255.454,00000000
88252.78,4029.343,00000000
88252.79,4087.254,00000000
88252.8,4224.74,00000000
88252.81,4224.685,00000000
88252.82,4239.622,00000000
88252.83,4197.55,00000000
88252.84,4260.822,00000000
88252.85,4147.902,00000000
88252.86,4077.753,00000000
88252.87,4210.299,00000000
88252.88,4165.633,00000000
88252.89,3980.795,00000000
88252.9,4140.498,00000000
88252.91,3861.126,00000000
88252.92,4422.348,00000000
88252.93,4289.42,00000000
88252.94,4060.419,00000000
88252.95,4189.427,00000000
88252.96,4115.734,00000000
88252.97,4103.096,00000000
88252.98,4355.943,00000000
88252.99,4314.592,00000000
88253.0,4181.466,00000000
88253.01,4356.535,00000000
88253.02,4209.577,00000000
88253.03,4276.001,00000000
88253.04,3960.226,00000000
88253.05,4136.003,00000000
88253.06,4234.294,00000000
88253.07,3823.191,00000000
88253.08,4057.141,00000000
88253.09,4261.274,00000000
88253.1,4034.84,00000000
88253.11,4192.98,00000000
88253.12,4284.935,00000000
88253.13,4189.231,00000000
88253.14,4066.539,00000000
88253.15,4240.089,00000000
88253.16,4151.689,00000000
88253.17,4108.874,00000000
88253.18,4174.238,00000000
88253.19,4264.985,00000000
88253.2,3952.315,00000000
88253.21,4090.401,00000000
88253.22,4283.404,00000000
88253.23,4211.43,00000000
88253.24,4356.779,00000000
88253.25,4219.923,00000000
88253.26,4104.262,00000000
88253.27,4270.609,00000000
88253.28,4098.271,00000000
88253.29,4137.11,00000000
88253.3,4278.437,00000000
88253.31,4085.326,00000000
88253.32,4269.679,00000000
88253.33,4318.655,00000000
88253.34,4292.452,00000000
88253.35,4172.444,00000000
88253.36,4172.759,00000000
88253.37,4302.205,00000000
88253.38,4081.145,00000000
88253.39,4155.625,00000000
88253.4,4203.167,00000000
88253.41,4142.836,00000000
88253.42,4172.054,00000000
88253.43,3889.497,00000000
88253.44,4311.151,00000000
88253.45,4141.209,00000000
88253.46,4160.716,00000000
88253.47,4153.338,00000000
88253.48,4222.664,00000000
88253.49,4042.285,00000000
88253.5,4181.393,00000000
88253.51,4291.93,00000000
88253.52,4294.283,00000000
88253.53,4488.154,00000000
88253.54,4237.105,00000000
88253.55,4335.733,00000000
88253.56,4251.078,00000000
88253.57,4320.525,00000000
88253.58,4457.708,00000000
88253.59,4199.014,00000000
88253.6,4202.752,00000000
88253.61,4143.756,00000000
88253.62,4080.82,00000000
88253.63,4102.445,00000000
88253.64,4328.228,00000000
88253.65,4018.88,00000000
88253.66,3995.929,00000000
88253.67,4107.044,00000000
88253.68,4165.183,00000000
88253.69,4156.813,00000000
88253.7,4322.734,00000000
88253.71,4121.239,00000000
88253.72,4205.312,00000000
88253.73,3981.391,00000000
88253.74,4286.97,00000000
88253.75,4154.184,00000000
88253.76,4196.707,00000000
88253.77,4133.182,00000000
88253.78,4078.539,00000000
88253.79,4342.601,00000000
88253.8,4213.525,00000000
88253.81,4300.901,00000000
88253.82,4135.785,00000000
88253.83,4251.936,00000000
88253.84,4329.604,00000000
88253.85,4023.786,00000000
88253.86,4082.588,00000000
88253.87,4156.612,00000000
88253.88,4224.741,00000000
88253.89,4262.555,00000000
88253.9,4144.163,00000000
88253.91,3993.124,00000000
88253.92,4354.743,00000000
88253.93,4291.79,00000000
88253.94,4401.211,00000000
88253.95,4327.675,00000000
88253.96,4243.594,00000000
88253.97,4235.112,00000000
88253.98,3928.485,00000000
88253.99,4285.402,00000000
88254.0,4143.458,00000000
88254.01,4106.11,00000000
88254.02,4074.296,00000000
88254.03,4105.905,00000000
88254.04,4091.243,00000000
88254.05,4362.927,00000000
88254.06,4258.3,00000000
88254.07,4247.232,00000000
88254.08,4377.732,00000000
88254.09,4204.99,00000000
88254.1,4393.765,00000000
88254.11,870.992,00000000
88254.12,863.368,00000000
88254.13,869.146,00000000
88254.14,891.845,00000000
88254.15,914.693,00000000
88254.16,908.48,00000000
88254.17,808.434,00000000
88254.18,877.667,00000000
88254.19,871.403,00000000
88254.2,874.38,00000000
88254.21,850.978,00000000
88254.22,895.689,00000000
88254.23,880.889,00000000
88254.24,877.204,00000000
88254.25,840.136,00000000
88254.26,851.866,00000000
88254.27,862.171,00000000
88254.28,879.754,00000000
88254.29,858.672,00000000
88254.3,889.389,00000000
88254.31,883.285,00000000
88254.32,856.582,00000000
88254.33,923.517,00000000
88254.34,787.481,00000000
88254.35,897.146,00000000
88254.36,911.571,00000000
88254.37,908.844,00000000
88254.38,834.503,00000000
88254.39,844.435,00000000
88254.4,878.679,00000000
88254.41,892.799,00000000
88254.42,879.463,00000000
88254.43,908.285,00000000
88254.44,883.547,00000000
88254.45,851.136,00000000
88254.46,881.351,00000000
88254.47,896.361,00000000
88254.48,878.548,00000000
88254.49,896.616,00000000
88254.5,889.413,00000000
88254.51,871.716,00000000
88254.52,855.369,00000000
88254.53,879.551,00000000
88254.54,912.217,00000000
88254.55,912.203,00000000
88254.56,874.425,00000000
88254.57,858.712,00000000
88254.58,840.687,00000000
88254.59,893.57,00000000
88254.6,866.018,00000000
88254.61,877.326,00000000
88254.62,894.367,00000000
88254.63,880.462,00000000
88254.64,857.3,00000000
88254.65,852.41,00000000
88254.66,867.08,00000000
88254.67,911.743,00000000
88254.68,846.013,00000000
88254.69,899.356,00000000
88254.7,839.492,00000000
88254.71,876.301,00000000
88254.72,856.443,00000000
88254.73,864.178,00000000
88254.74,898.907,00000000
88254.75,869.628,00000000
88254.76,883.624,00000000
88254.77,940.427,00000000
88254.78,922.737,00000000
88254.79,892.318,00000000
88254.8,904.898,00000000
88254.81,831.377,00000000
88254.82,916.338,00000000
88254.83,903.571,00000000
88254.84,858.138,00000000
88254.85,845.337,00000000
88254.86,889.369,00000000
88254.87,844.882,00000000
88254.88,885.322,00000000
88254.89,884.152,00000000
88254.9,877.355,00000000
88254.91,880.079,00000000
88254.92,847.65,00000000
88254.93,910.084,00000000
88254.94,884.276,00000000
88254.95,888.551,00000000
88254.96,837.255,00000000
88254.97,850.086,00000000
88254.98,864.577,00000000
88254.99,894.334,00000000
88255.0,868.431,00000000
88255.01,865.11,00000000
88255.02,849.234,00000000
88255.03,884.89,00000000
88255.04,881.162,00000000
88255.05,915.628,00000000
88255.06,903.496,00000000
88255.07,918.847,00000000
88255.08,877.38,00000000
88255.09,840.341,00000000
88255.1,902.38,00000000
88255.11,841.299,00000000
88255.12,926.575,00000000
88255.13,838.614,00000000
88255.14,930.744,00000000
88255.15,818.336,00000000
88255.16,881.133,00000000
88255.17,875.805,00000000
88255.18,873.089,00000000
88255.19,848.187,00000000
88255.2,911.952,00000000
88255.21,882.249,00000000
88255.22,871.039,00000000
88255.23,886.225,00000000
88255.24,877.864,00000000
88255.25,836.398,00000000
88255.26,899.399,00000000
88255.27,847.99,00000000
88255.28,918.916,00000000
88255.29,865.437,00000000
88255.3,878.355,00000000
88255.31,876.123,00000000
88255.32,872.819,00000000
88255.33,845.673,00000000
88255.34,873.842,00000000
88255.35,839.159,00000000
88255.36,847.6,00000000
88255.37,897.748,00000000
88255.38,853.977,00000000
88255.39,859.391,00000000
88255.4,924.329,00000000
88255.41,856.509,00000000
88255.42,905.053,00000000
88255.43,925.996,00000000
88255.44,897.576,00000000
88255.45,934.499,00000000
88255.46,913.772,00000000
88255.47,849.182,00000000
88255.48,891.025,00000000
88255.49,852.353,00000000
88255.5,951.668,00000000
88255.51,903.311,00000000
88255.52,871.918,00000000
88255.53,874.76,00000000
88255.54,882.124,00000000
88255.55,849.217,00000000
88255.56,825.415,00000000
88255.57,863.725,00000000
88255.58,868.513,00000000
88255.59,884.227,00000000
88255.6,821.238,00000000
88255.61,872.276,00000000
88255.62,887.638,00000000
88255.63,935.33,00000000
88255.64,912.041,00000000
88255.65,901.632,00000000
88255.66,901.666,00000000
88255.67,897.638,00000000
88255.68,880.731,00000000
88255.69,872.243,00000000
88255.7,881.086,00000000
88255.71,927.324,00000000
88255.72,850.625,00000000
88255.73,869.996,00000000
88255.74,819.935,00000000
88255.75,903.825,00000000
88255.76,879.806,00000000
88255.77,901.836,00000000
88255.78,897.923,00000000
88255.79,875.58,00000000
88255.8,889.14,00000000
88255.81,899.7,00000000
88255.82,838.069,00000000
88255.83,852.861,00000000
88255.84,894.13,00000000
88255.85,884.468,00000000
88255.86,906.67,00000000
88255.87,928.541,00000000
88255.88,840.603,00000000
88255.89,863.069,00000000
88255.9,910.706,00000000
88255.91,850.116,00000000
88255.92,864.011,00000000
88255.93,900.497,00000000
88255.94,880.811,00000000
88255.95,882.669,00000000
88255.96,826.015,00000000
88255.97,920.586,00000000
88255.98,880.142,00000000
88255.99,914.093,00000000
88256.0,896.79,00000000
88256.01,886.881,00000000
88256.02,902.128,00000000
88256.03,907.198,00000000
88256.04,843.151,00000000
88256.05,894.639,00000000
88256.06,855.919,00000000
88256.07,887.171,00000000
88256.08,873.691,00000000
88256.09,875.98,00000000
88256.1,875.883,00000000